
> minimal-express-app@1.0.0 dev
> nodemon src/server.js

[33m[nodemon] 3.1.9[39m
[33m[nodemon] to restart at any time, enter `rs`[39m
[33m[nodemon] watching path(s): src/**/*[39m
[33m[nodemon] watching extensions: js,json[39m
[32m[nodemon] starting `node src/server.js`[39m
Server running at http://0.0.0.0:3001
[32m[nodemon] restarting due to changes...[39m
[32m[nodemon] starting `node src/server.js`[39m
Server running at http://0.0.0.0:3001
<ref *2> IncomingMessage {
  _readableState: ReadableState {
    state: 137266,
    highWaterMark: 16384,
    buffer: BufferList { head: null, tail: null, length: 0 },
    length: 0,
    pipes: [],
    flowing: null,
    errored: null,
    defaultEncoding: 'utf8',
    awaitDrainWriters: null,
    decoder: null,
    encoding: null,
    [Symbol(kPaused)]: null
  },
  _events: [Object: null prototype] {},
  _eventsCount: 0,
  _maxListeners: undefined,
  socket: <ref *1> Socket {
    connecting: false,
    _hadError: false,
    _parent: null,
    _host: null,
    _closeAfterHandlingError: false,
    _readableState: ReadableState {
      state: 4184,
      highWaterMark: 16384,
      buffer: BufferList { head: null, tail: null, length: 0 },
      length: 0,
      pipes: [],
      flowing: true,
      errored: null,
      defaultEncoding: 'utf8',
      awaitDrainWriters: null,
      decoder: null,
      encoding: null,
      [Symbol(kPaused)]: false
    },
    _events: [Object: null prototype] {
      end: [Array],
      timeout: [Function: socketOnTimeout],
      data: [Function: bound socketOnData],
      error: [Function: socketOnError],
      close: [Array],
      drain: [Function: bound socketOnDrain],
      resume: [Function: onSocketResume],
      pause: [Function: onSocketPause]
    },
    _eventsCount: 8,
    _maxListeners: undefined,
    _writableState: WritableState {
      objectMode: false,
      highWaterMark: 16384,
      finalCalled: false,
      needDrain: false,
      ending: false,
      ended: false,
      finished: false,
      destroyed: false,
      decodeStrings: false,
      defaultEncoding: 'utf8',
      length: 0,
      writing: false,
      corked: 0,
      sync: true,
      bufferProcessing: false,
      onwrite: [Function: bound onwrite],
      writecb: null,
      writelen: 0,
      afterWriteTickInfo: null,
      buffered: [],
      bufferedIndex: 0,
      allBuffers: true,
      allNoop: true,
      pendingcb: 0,
      constructed: true,
      prefinished: false,
      errorEmitted: false,
      emitClose: false,
      autoDestroy: true,
      errored: null,
      closed: false,
      closeEmitted: false,
      [Symbol(kOnFinished)]: []
    },
    allowHalfOpen: true,
    _sockname: null,
    _pendingData: null,
    _pendingEncoding: '',
    server: Server {
      maxHeaderSize: undefined,
      insecureHTTPParser: undefined,
      requestTimeout: 300000,
      headersTimeout: 60000,
      keepAliveTimeout: 5000,
      connectionsCheckingInterval: 30000,
      joinDuplicateHeaders: undefined,
      rejectNonStandardBodyWrites: false,
      _events: [Object: null prototype],
      _eventsCount: 3,
      _maxListeners: undefined,
      _connections: 2,
      _handle: [TCP],
      _usingWorkers: false,
      _workers: [],
      _unref: false,
      allowHalfOpen: true,
      pauseOnConnect: false,
      noDelay: true,
      keepAlive: false,
      keepAliveInitialDelay: 0,
      highWaterMark: 16384,
      httpAllowHalfOpen: false,
      timeout: 0,
      maxHeadersCount: null,
      maxRequestsPerSocket: 0,
      _connectionKey: '4:0.0.0.0:3001',
      [Symbol(IncomingMessage)]: [Function: IncomingMessage],
      [Symbol(ServerResponse)]: [Function: ServerResponse],
      [Symbol(kCapture)]: false,
      [Symbol(async_id_symbol)]: 9,
      [Symbol(kUniqueHeaders)]: null,
      [Symbol(http.server.connections)]: ConnectionsList {},
      [Symbol(http.server.connectionsCheckingInterval)]: Timeout {
        _idleTimeout: 30000,
        _idlePrev: [TimersList],
        _idleNext: [TimersList],
        _idleStart: 911,
        _onTimeout: [Function: bound checkConnections],
        _timerArgs: undefined,
        _repeat: 30000,
        _destroyed: false,
        [Symbol(refed)]: false,
        [Symbol(kHasPrimitive)]: false,
        [Symbol(asyncId)]: 11,
        [Symbol(triggerId)]: 10
      }
    },
    _server: Server {
      maxHeaderSize: undefined,
      insecureHTTPParser: undefined,
      requestTimeout: 300000,
      headersTimeout: 60000,
      keepAliveTimeout: 5000,
      connectionsCheckingInterval: 30000,
      joinDuplicateHeaders: undefined,
      rejectNonStandardBodyWrites: false,
      _events: [Object: null prototype],
      _eventsCount: 3,
      _maxListeners: undefined,
      _connections: 2,
      _handle: [TCP],
      _usingWorkers: false,
      _workers: [],
      _unref: false,
      allowHalfOpen: true,
      pauseOnConnect: false,
      noDelay: true,
      keepAlive: false,
      keepAliveInitialDelay: 0,
      highWaterMark: 16384,
      httpAllowHalfOpen: false,
      timeout: 0,
      maxHeadersCount: null,
      maxRequestsPerSocket: 0,
      _connectionKey: '4:0.0.0.0:3001',
      [Symbol(IncomingMessage)]: [Function: IncomingMessage],
      [Symbol(ServerResponse)]: [Function: ServerResponse],
      [Symbol(kCapture)]: false,
      [Symbol(async_id_symbol)]: 9,
      [Symbol(kUniqueHeaders)]: null,
      [Symbol(http.server.connections)]: ConnectionsList {},
      [Symbol(http.server.connectionsCheckingInterval)]: Timeout {
        _idleTimeout: 30000,
        _idlePrev: [TimersList],
        _idleNext: [TimersList],
        _idleStart: 911,
        _onTimeout: [Function: bound checkConnections],
        _timerArgs: undefined,
        _repeat: 30000,
        _destroyed: false,
        [Symbol(refed)]: false,
        [Symbol(kHasPrimitive)]: false,
        [Symbol(asyncId)]: 11,
        [Symbol(triggerId)]: 10
      }
    },
    parser: HTTPParser {
      '0': null,
      '1': [Function: parserOnHeaders],
      '2': [Function: parserOnHeadersComplete],
      '3': [Function: parserOnBody],
      '4': [Function: parserOnMessageComplete],
      '5': [Function: bound onParserExecute],
      '6': [Function: bound onParserTimeout],
      _headers: [],
      _url: '',
      socket: [Circular *1],
      incoming: [Circular *2],
      outgoing: null,
      maxHeaderPairs: 2000,
      _consumed: true,
      onIncoming: [Function: bound parserOnIncoming],
      joinDuplicateHeaders: null,
      [Symbol(resource_symbol)]: [HTTPServerAsyncResource]
    },
    on: [Function: socketListenerWrap],
    addListener: [Function: socketListenerWrap],
    prependListener: [Function: socketListenerWrap],
    setEncoding: [Function: socketSetEncoding],
    _paused: false,
    _httpMessage: ServerResponse {
      _events: [Object: null prototype],
      _eventsCount: 1,
      _maxListeners: undefined,
      outputData: [],
      outputSize: 0,
      writable: true,
      destroyed: false,
      _last: false,
      chunkedEncoding: false,
      shouldKeepAlive: true,
      maxRequestsOnConnectionReached: false,
      _defaultKeepAlive: true,
      useChunkedEncodingByDefault: true,
      sendDate: true,
      _removedConnection: false,
      _removedContLen: false,
      _removedTE: false,
      strictContentLength: false,
      _contentLength: null,
      _hasBody: false,
      _trailer: '',
      finished: false,
      _headerSent: false,
      _closed: false,
      socket: [Circular *1],
      _header: null,
      _keepAliveTimeout: 5000,
      _onPendingData: [Function: bound updateOutgoingData],
      req: [Circular *2],
      _sent100: false,
      _expect_continue: false,
      _maxRequestsPerSocket: 0,
      locals: [Object: null prototype] {},
      [Symbol(kCapture)]: false,
      [Symbol(kBytesWritten)]: 0,
      [Symbol(kNeedDrain)]: false,
      [Symbol(corked)]: 0,
      [Symbol(kOutHeaders)]: [Object: null prototype],
      [Symbol(errored)]: null,
      [Symbol(kHighWaterMark)]: 16384,
      [Symbol(kRejectNonStandardBodyWrites)]: false,
      [Symbol(kUniqueHeaders)]: null
    },
    [Symbol(async_id_symbol)]: 55,
    [Symbol(kHandle)]: TCP {
      reading: true,
      onconnection: null,
      _consumed: true,
      [Symbol(owner_symbol)]: [Circular *1]
    },
    [Symbol(lastWriteQueueSize)]: 0,
    [Symbol(timeout)]: null,
    [Symbol(kBuffer)]: null,
    [Symbol(kBufferCb)]: null,
    [Symbol(kBufferGen)]: null,
    [Symbol(kCapture)]: false,
    [Symbol(kSetNoDelay)]: true,
    [Symbol(kSetKeepAlive)]: false,
    [Symbol(kSetKeepAliveInitialDelay)]: 0,
    [Symbol(kBytesRead)]: 0,
    [Symbol(kBytesWritten)]: 0
  },
  httpVersionMajor: 1,
  httpVersionMinor: 1,
  httpVersion: '1.1',
  complete: true,
  rawHeaders: [
    'Connection',
    'upgrade',
    'Host',
    'vscode-internal-847-dev.dev01.cloud.kavia.ai',
    'X-Real-IP',
    '10.1.6.141',
    'X-Forwarded-For',
    '181.26.17.105',
    'X-Forwarded-Proto',
    'https',
    'X-Forwarded-Port',
    '3001',
    'X-Amzn-Trace-Id',
    'Root=1-6862efd7-1aff6b044d0a94157aa85ac6',
    'pragma',
    'no-cache',
    'cache-control',
    'no-cache',
    'sec-ch-ua-platform',
    '"Linux"',
    'user-agent',
    'Mozilla/5.0 (X11; Linux x86_64) AppleWebKit/537.36 (KHTML, like Gecko) Chrome/137.0.0.0 Safari/537.36',
    'sec-ch-ua',
    '"Brave";v="137", "Chromium";v="137", "Not/A)Brand";v="24"',
    'sec-ch-ua-mobile',
    '?0',
    'accept',
    '*/*',
    'sec-gpc',
    '1',
    'accept-language',
    'en-US,en;q=0.7',
    'origin',
    'https://dev.cloud.kavia.ai',
    'sec-fetch-site',
    'same-site',
    'sec-fetch-mode',
    'cors',
    'sec-fetch-dest',
    'empty',
    'referer',
    'https://dev.cloud.kavia.ai/',
    'accept-encoding',
    'gzip, deflate, br, zstd',
    'priority',
    'u=1, i'
  ],
  rawTrailers: [],
  joinDuplicateHeaders: null,
  aborted: false,
  upgrade: false,
  url: '/',
  method: 'HEAD',
  statusCode: null,
  statusMessage: null,
  client: <ref *1> Socket {
    connecting: false,
    _hadError: false,
    _parent: null,
    _host: null,
    _closeAfterHandlingError: false,
    _readableState: ReadableState {
      state: 4184,
      highWaterMark: 16384,
      buffer: BufferList { head: null, tail: null, length: 0 },
      length: 0,
      pipes: [],
      flowing: true,
      errored: null,
      defaultEncoding: 'utf8',
      awaitDrainWriters: null,
      decoder: null,
      encoding: null,
      [Symbol(kPaused)]: false
    },
    _events: [Object: null prototype] {
      end: [Array],
      timeout: [Function: socketOnTimeout],
      data: [Function: bound socketOnData],
      error: [Function: socketOnError],
      close: [Array],
      drain: [Function: bound socketOnDrain],
      resume: [Function: onSocketResume],
      pause: [Function: onSocketPause]
    },
    _eventsCount: 8,
    _maxListeners: undefined,
    _writableState: WritableState {
      objectMode: false,
      highWaterMark: 16384,
      finalCalled: false,
      needDrain: false,
      ending: false,
      ended: false,
      finished: false,
      destroyed: false,
      decodeStrings: false,
      defaultEncoding: 'utf8',
      length: 0,
      writing: false,
      corked: 0,
      sync: true,
      bufferProcessing: false,
      onwrite: [Function: bound onwrite],
      writecb: null,
      writelen: 0,
      afterWriteTickInfo: null,
      buffered: [],
      bufferedIndex: 0,
      allBuffers: true,
      allNoop: true,
      pendingcb: 0,
      constructed: true,
      prefinished: false,
      errorEmitted: false,
      emitClose: false,
      autoDestroy: true,
      errored: null,
      closed: false,
      closeEmitted: false,
      [Symbol(kOnFinished)]: []
    },
    allowHalfOpen: true,
    _sockname: null,
    _pendingData: null,
    _pendingEncoding: '',
    server: Server {
      maxHeaderSize: undefined,
      insecureHTTPParser: undefined,
      requestTimeout: 300000,
      headersTimeout: 60000,
      keepAliveTimeout: 5000,
      connectionsCheckingInterval: 30000,
      joinDuplicateHeaders: undefined,
      rejectNonStandardBodyWrites: false,
      _events: [Object: null prototype],
      _eventsCount: 3,
      _maxListeners: undefined,
      _connections: 2,
      _handle: [TCP],
      _usingWorkers: false,
      _workers: [],
      _unref: false,
      allowHalfOpen: true,
      pauseOnConnect: false,
      noDelay: true,
      keepAlive: false,
      keepAliveInitialDelay: 0,
      highWaterMark: 16384,
      httpAllowHalfOpen: false,
      timeout: 0,
      maxHeadersCount: null,
      maxRequestsPerSocket: 0,
      _connectionKey: '4:0.0.0.0:3001',
      [Symbol(IncomingMessage)]: [Function: IncomingMessage],
      [Symbol(ServerResponse)]: [Function: ServerResponse],
      [Symbol(kCapture)]: false,
      [Symbol(async_id_symbol)]: 9,
      [Symbol(kUniqueHeaders)]: null,
      [Symbol(http.server.connections)]: ConnectionsList {},
      [Symbol(http.server.connectionsCheckingInterval)]: Timeout {
        _idleTimeout: 30000,
        _idlePrev: [TimersList],
        _idleNext: [TimersList],
        _idleStart: 911,
        _onTimeout: [Function: bound checkConnections],
        _timerArgs: undefined,
        _repeat: 30000,
        _destroyed: false,
        [Symbol(refed)]: false,
        [Symbol(kHasPrimitive)]: false,
        [Symbol(asyncId)]: 11,
        [Symbol(triggerId)]: 10
      }
    },
    _server: Server {
      maxHeaderSize: undefined,
      insecureHTTPParser: undefined,
      requestTimeout: 300000,
      headersTimeout: 60000,
      keepAliveTimeout: 5000,
      connectionsCheckingInterval: 30000,
      joinDuplicateHeaders: undefined,
      rejectNonStandardBodyWrites: false,
      _events: [Object: null prototype],
      _eventsCount: 3,
      _maxListeners: undefined,
      _connections: 2,
      _handle: [TCP],
      _usingWorkers: false,
      _workers: [],
      _unref: false,
      allowHalfOpen: true,
      pauseOnConnect: false,
      noDelay: true,
      keepAlive: false,
      keepAliveInitialDelay: 0,
      highWaterMark: 16384,
      httpAllowHalfOpen: false,
      timeout: 0,
      maxHeadersCount: null,
      maxRequestsPerSocket: 0,
      _connectionKey: '4:0.0.0.0:3001',
      [Symbol(IncomingMessage)]: [Function: IncomingMessage],
      [Symbol(ServerResponse)]: [Function: ServerResponse],
      [Symbol(kCapture)]: false,
      [Symbol(async_id_symbol)]: 9,
      [Symbol(kUniqueHeaders)]: null,
      [Symbol(http.server.connections)]: ConnectionsList {},
      [Symbol(http.server.connectionsCheckingInterval)]: Timeout {
        _idleTimeout: 30000,
        _idlePrev: [TimersList],
        _idleNext: [TimersList],
        _idleStart: 911,
        _onTimeout: [Function: bound checkConnections],
        _timerArgs: undefined,
        _repeat: 30000,
        _destroyed: false,
        [Symbol(refed)]: false,
        [Symbol(kHasPrimitive)]: false,
        [Symbol(asyncId)]: 11,
        [Symbol(triggerId)]: 10
      }
    },
    parser: HTTPParser {
      '0': null,
      '1': [Function: parserOnHeaders],
      '2': [Function: parserOnHeadersComplete],
      '3': [Function: parserOnBody],
      '4': [Function: parserOnMessageComplete],
      '5': [Function: bound onParserExecute],
      '6': [Function: bound onParserTimeout],
      _headers: [],
      _url: '',
      socket: [Circular *1],
      incoming: [Circular *2],
      outgoing: null,
      maxHeaderPairs: 2000,
      _consumed: true,
      onIncoming: [Function: bound parserOnIncoming],
      joinDuplicateHeaders: null,
      [Symbol(resource_symbol)]: [HTTPServerAsyncResource]
    },
    on: [Function: socketListenerWrap],
    addListener: [Function: socketListenerWrap],
    prependListener: [Function: socketListenerWrap],
    setEncoding: [Function: socketSetEncoding],
    _paused: false,
    _httpMessage: ServerResponse {
      _events: [Object: null prototype],
      _eventsCount: 1,
      _maxListeners: undefined,
      outputData: [],
      outputSize: 0,
      writable: true,
      destroyed: false,
      _last: false,
      chunkedEncoding: false,
      shouldKeepAlive: true,
      maxRequestsOnConnectionReached: false,
      _defaultKeepAlive: true,
      useChunkedEncodingByDefault: true,
      sendDate: true,
      _removedConnection: false,
      _removedContLen: false,
      _removedTE: false,
      strictContentLength: false,
      _contentLength: null,
      _hasBody: false,
      _trailer: '',
      finished: false,
      _headerSent: false,
      _closed: false,
      socket: [Circular *1],
      _header: null,
      _keepAliveTimeout: 5000,
      _onPendingData: [Function: bound updateOutgoingData],
      req: [Circular *2],
      _sent100: false,
      _expect_continue: false,
      _maxRequestsPerSocket: 0,
      locals: [Object: null prototype] {},
      [Symbol(kCapture)]: false,
      [Symbol(kBytesWritten)]: 0,
      [Symbol(kNeedDrain)]: false,
      [Symbol(corked)]: 0,
      [Symbol(kOutHeaders)]: [Object: null prototype],
      [Symbol(errored)]: null,
      [Symbol(kHighWaterMark)]: 16384,
      [Symbol(kRejectNonStandardBodyWrites)]: false,
      [Symbol(kUniqueHeaders)]: null
    },
    [Symbol(async_id_symbol)]: 55,
    [Symbol(kHandle)]: TCP {
      reading: true,
      onconnection: null,
      _consumed: true,
      [Symbol(owner_symbol)]: [Circular *1]
    },
    [Symbol(lastWriteQueueSize)]: 0,
    [Symbol(timeout)]: null,
    [Symbol(kBuffer)]: null,
    [Symbol(kBufferCb)]: null,
    [Symbol(kBufferGen)]: null,
    [Symbol(kCapture)]: false,
    [Symbol(kSetNoDelay)]: true,
    [Symbol(kSetKeepAlive)]: false,
    [Symbol(kSetKeepAliveInitialDelay)]: 0,
    [Symbol(kBytesRead)]: 0,
    [Symbol(kBytesWritten)]: 0
  },
  _consuming: false,
  _dumped: false,
  next: [Function: next],
  baseUrl: '/docs',
  originalUrl: '/docs/',
  _parsedUrl: Url {
    protocol: null,
    slashes: null,
    auth: null,
    host: null,
    port: null,
    hostname: null,
    hash: null,
    search: null,
    query: null,
    pathname: '/docs/',
    path: '/docs/',
    href: '/docs/',
    _raw: '/docs/'
  },
  params: {},
  query: {},
  res: <ref *3> ServerResponse {
    _events: [Object: null prototype] { finish: [Function: bound resOnFinish] },
    _eventsCount: 1,
    _maxListeners: undefined,
    outputData: [],
    outputSize: 0,
    writable: true,
    destroyed: false,
    _last: false,
    chunkedEncoding: false,
    shouldKeepAlive: true,
    maxRequestsOnConnectionReached: false,
    _defaultKeepAlive: true,
    useChunkedEncodingByDefault: true,
    sendDate: true,
    _removedConnection: false,
    _removedContLen: false,
    _removedTE: false,
    strictContentLength: false,
    _contentLength: null,
    _hasBody: false,
    _trailer: '',
    finished: false,
    _headerSent: false,
    _closed: false,
    socket: <ref *1> Socket {
      connecting: false,
      _hadError: false,
      _parent: null,
      _host: null,
      _closeAfterHandlingError: false,
      _readableState: [ReadableState],
      _events: [Object: null prototype],
      _eventsCount: 8,
      _maxListeners: undefined,
      _writableState: [WritableState],
      allowHalfOpen: true,
      _sockname: null,
      _pendingData: null,
      _pendingEncoding: '',
      server: [Server],
      _server: [Server],
      parser: [HTTPParser],
      on: [Function: socketListenerWrap],
      addListener: [Function: socketListenerWrap],
      prependListener: [Function: socketListenerWrap],
      setEncoding: [Function: socketSetEncoding],
      _paused: false,
      _httpMessage: [Circular *3],
      [Symbol(async_id_symbol)]: 55,
      [Symbol(kHandle)]: [TCP],
      [Symbol(lastWriteQueueSize)]: 0,
      [Symbol(timeout)]: null,
      [Symbol(kBuffer)]: null,
      [Symbol(kBufferCb)]: null,
      [Symbol(kBufferGen)]: null,
      [Symbol(kCapture)]: false,
      [Symbol(kSetNoDelay)]: true,
      [Symbol(kSetKeepAlive)]: false,
      [Symbol(kSetKeepAliveInitialDelay)]: 0,
      [Symbol(kBytesRead)]: 0,
      [Symbol(kBytesWritten)]: 0
    },
    _header: null,
    _keepAliveTimeout: 5000,
    _onPendingData: [Function: bound updateOutgoingData],
    req: [Circular *2],
    _sent100: false,
    _expect_continue: false,
    _maxRequestsPerSocket: 0,
    locals: [Object: null prototype] {},
    [Symbol(kCapture)]: false,
    [Symbol(kBytesWritten)]: 0,
    [Symbol(kNeedDrain)]: false,
    [Symbol(corked)]: 0,
    [Symbol(kOutHeaders)]: [Object: null prototype] {
      'x-powered-by': [Array],
      'access-control-allow-origin': [Array]
    },
    [Symbol(errored)]: null,
    [Symbol(kHighWaterMark)]: 16384,
    [Symbol(kRejectNonStandardBodyWrites)]: false,
    [Symbol(kUniqueHeaders)]: null
  },
  _parsedOriginalUrl: Url {
    protocol: null,
    slashes: null,
    auth: null,
    host: null,
    port: null,
    hostname: null,
    hash: null,
    search: null,
    query: null,
    pathname: '/docs/',
    path: '/docs/',
    href: '/docs/',
    _raw: '/docs/'
  },
  [Symbol(kCapture)]: false,
  [Symbol(kHeaders)]: {
    connection: 'upgrade',
    host: 'vscode-internal-847-dev.dev01.cloud.kavia.ai',
    'x-real-ip': '10.1.6.141',
    'x-forwarded-for': '181.26.17.105',
    'x-forwarded-proto': 'https',
    'x-forwarded-port': '3001',
    'x-amzn-trace-id': 'Root=1-6862efd7-1aff6b044d0a94157aa85ac6',
    pragma: 'no-cache',
    'cache-control': 'no-cache',
    'sec-ch-ua-platform': '"Linux"',
    'user-agent': 'Mozilla/5.0 (X11; Linux x86_64) AppleWebKit/537.36 (KHTML, like Gecko) Chrome/137.0.0.0 Safari/537.36',
    'sec-ch-ua': '"Brave";v="137", "Chromium";v="137", "Not/A)Brand";v="24"',
    'sec-ch-ua-mobile': '?0',
    accept: '*/*',
    'sec-gpc': '1',
    'accept-language': 'en-US,en;q=0.7',
    origin: 'https://dev.cloud.kavia.ai',
    'sec-fetch-site': 'same-site',
    'sec-fetch-mode': 'cors',
    'sec-fetch-dest': 'empty',
    referer: 'https://dev.cloud.kavia.ai/',
    'accept-encoding': 'gzip, deflate, br, zstd',
    priority: 'u=1, i'
  },
  [Symbol(kHeadersCount)]: 46,
  [Symbol(kTrailers)]: null,
  [Symbol(kTrailersCount)]: 0
}
<ref *2> IncomingMessage {
  _readableState: ReadableState {
    state: 137266,
    highWaterMark: 16384,
    buffer: BufferList { head: null, tail: null, length: 0 },
    length: 0,
    pipes: [],
    flowing: null,
    errored: null,
    defaultEncoding: 'utf8',
    awaitDrainWriters: null,
    decoder: null,
    encoding: null,
    [Symbol(kPaused)]: null
  },
  _events: [Object: null prototype] {},
  _eventsCount: 0,
  _maxListeners: undefined,
  socket: <ref *1> Socket {
    connecting: false,
    _hadError: false,
    _parent: null,
    _host: null,
    _closeAfterHandlingError: false,
    _readableState: ReadableState {
      state: 4184,
      highWaterMark: 16384,
      buffer: BufferList { head: null, tail: null, length: 0 },
      length: 0,
      pipes: [],
      flowing: true,
      errored: null,
      defaultEncoding: 'utf8',
      awaitDrainWriters: null,
      decoder: null,
      encoding: null,
      [Symbol(kPaused)]: false
    },
    _events: [Object: null prototype] {
      end: [Array],
      timeout: [Function: socketOnTimeout],
      data: [Function: bound socketOnData],
      error: [Function: socketOnError],
      close: [Array],
      drain: [Function: bound socketOnDrain],
      resume: [Function: onSocketResume],
      pause: [Function: onSocketPause]
    },
    _eventsCount: 8,
    _maxListeners: undefined,
    _writableState: WritableState {
      objectMode: false,
      highWaterMark: 16384,
      finalCalled: false,
      needDrain: false,
      ending: false,
      ended: false,
      finished: false,
      destroyed: false,
      decodeStrings: false,
      defaultEncoding: 'utf8',
      length: 0,
      writing: false,
      corked: 0,
      sync: true,
      bufferProcessing: false,
      onwrite: [Function: bound onwrite],
      writecb: null,
      writelen: 0,
      afterWriteTickInfo: null,
      buffered: [],
      bufferedIndex: 0,
      allBuffers: true,
      allNoop: true,
      pendingcb: 0,
      constructed: true,
      prefinished: false,
      errorEmitted: false,
      emitClose: false,
      autoDestroy: true,
      errored: null,
      closed: false,
      closeEmitted: false,
      [Symbol(kOnFinished)]: []
    },
    allowHalfOpen: true,
    _sockname: null,
    _pendingData: null,
    _pendingEncoding: '',
    server: Server {
      maxHeaderSize: undefined,
      insecureHTTPParser: undefined,
      requestTimeout: 300000,
      headersTimeout: 60000,
      keepAliveTimeout: 5000,
      connectionsCheckingInterval: 30000,
      joinDuplicateHeaders: undefined,
      rejectNonStandardBodyWrites: false,
      _events: [Object: null prototype],
      _eventsCount: 3,
      _maxListeners: undefined,
      _connections: 2,
      _handle: [TCP],
      _usingWorkers: false,
      _workers: [],
      _unref: false,
      allowHalfOpen: true,
      pauseOnConnect: false,
      noDelay: true,
      keepAlive: false,
      keepAliveInitialDelay: 0,
      highWaterMark: 16384,
      httpAllowHalfOpen: false,
      timeout: 0,
      maxHeadersCount: null,
      maxRequestsPerSocket: 0,
      _connectionKey: '4:0.0.0.0:3001',
      [Symbol(IncomingMessage)]: [Function: IncomingMessage],
      [Symbol(ServerResponse)]: [Function: ServerResponse],
      [Symbol(kCapture)]: false,
      [Symbol(async_id_symbol)]: 9,
      [Symbol(kUniqueHeaders)]: null,
      [Symbol(http.server.connections)]: ConnectionsList {},
      [Symbol(http.server.connectionsCheckingInterval)]: Timeout {
        _idleTimeout: 30000,
        _idlePrev: [TimersList],
        _idleNext: [TimersList],
        _idleStart: 911,
        _onTimeout: [Function: bound checkConnections],
        _timerArgs: undefined,
        _repeat: 30000,
        _destroyed: false,
        [Symbol(refed)]: false,
        [Symbol(kHasPrimitive)]: false,
        [Symbol(asyncId)]: 11,
        [Symbol(triggerId)]: 10
      }
    },
    _server: Server {
      maxHeaderSize: undefined,
      insecureHTTPParser: undefined,
      requestTimeout: 300000,
      headersTimeout: 60000,
      keepAliveTimeout: 5000,
      connectionsCheckingInterval: 30000,
      joinDuplicateHeaders: undefined,
      rejectNonStandardBodyWrites: false,
      _events: [Object: null prototype],
      _eventsCount: 3,
      _maxListeners: undefined,
      _connections: 2,
      _handle: [TCP],
      _usingWorkers: false,
      _workers: [],
      _unref: false,
      allowHalfOpen: true,
      pauseOnConnect: false,
      noDelay: true,
      keepAlive: false,
      keepAliveInitialDelay: 0,
      highWaterMark: 16384,
      httpAllowHalfOpen: false,
      timeout: 0,
      maxHeadersCount: null,
      maxRequestsPerSocket: 0,
      _connectionKey: '4:0.0.0.0:3001',
      [Symbol(IncomingMessage)]: [Function: IncomingMessage],
      [Symbol(ServerResponse)]: [Function: ServerResponse],
      [Symbol(kCapture)]: false,
      [Symbol(async_id_symbol)]: 9,
      [Symbol(kUniqueHeaders)]: null,
      [Symbol(http.server.connections)]: ConnectionsList {},
      [Symbol(http.server.connectionsCheckingInterval)]: Timeout {
        _idleTimeout: 30000,
        _idlePrev: [TimersList],
        _idleNext: [TimersList],
        _idleStart: 911,
        _onTimeout: [Function: bound checkConnections],
        _timerArgs: undefined,
        _repeat: 30000,
        _destroyed: false,
        [Symbol(refed)]: false,
        [Symbol(kHasPrimitive)]: false,
        [Symbol(asyncId)]: 11,
        [Symbol(triggerId)]: 10
      }
    },
    parser: HTTPParser {
      '0': null,
      '1': [Function: parserOnHeaders],
      '2': [Function: parserOnHeadersComplete],
      '3': [Function: parserOnBody],
      '4': [Function: parserOnMessageComplete],
      '5': [Function: bound onParserExecute],
      '6': [Function: bound onParserTimeout],
      _headers: [],
      _url: '',
      socket: [Circular *1],
      incoming: [Circular *2],
      outgoing: null,
      maxHeaderPairs: 2000,
      _consumed: true,
      onIncoming: [Function: bound parserOnIncoming],
      joinDuplicateHeaders: null,
      [Symbol(resource_symbol)]: [HTTPServerAsyncResource]
    },
    on: [Function: socketListenerWrap],
    addListener: [Function: socketListenerWrap],
    prependListener: [Function: socketListenerWrap],
    setEncoding: [Function: socketSetEncoding],
    _paused: false,
    _httpMessage: ServerResponse {
      _events: [Object: null prototype],
      _eventsCount: 1,
      _maxListeners: undefined,
      outputData: [],
      outputSize: 0,
      writable: true,
      destroyed: false,
      _last: false,
      chunkedEncoding: false,
      shouldKeepAlive: true,
      maxRequestsOnConnectionReached: false,
      _defaultKeepAlive: true,
      useChunkedEncodingByDefault: true,
      sendDate: true,
      _removedConnection: false,
      _removedContLen: false,
      _removedTE: false,
      strictContentLength: false,
      _contentLength: null,
      _hasBody: false,
      _trailer: '',
      finished: false,
      _headerSent: false,
      _closed: false,
      socket: [Circular *1],
      _header: null,
      _keepAliveTimeout: 5000,
      _onPendingData: [Function: bound updateOutgoingData],
      req: [Circular *2],
      _sent100: false,
      _expect_continue: false,
      _maxRequestsPerSocket: 0,
      locals: [Object: null prototype] {},
      [Symbol(kCapture)]: false,
      [Symbol(kBytesWritten)]: 0,
      [Symbol(kNeedDrain)]: false,
      [Symbol(corked)]: 0,
      [Symbol(kOutHeaders)]: [Object: null prototype],
      [Symbol(errored)]: null,
      [Symbol(kHighWaterMark)]: 16384,
      [Symbol(kRejectNonStandardBodyWrites)]: false,
      [Symbol(kUniqueHeaders)]: null
    },
    [Symbol(async_id_symbol)]: 60,
    [Symbol(kHandle)]: TCP {
      reading: true,
      onconnection: null,
      _consumed: true,
      [Symbol(owner_symbol)]: [Circular *1]
    },
    [Symbol(lastWriteQueueSize)]: 0,
    [Symbol(timeout)]: null,
    [Symbol(kBuffer)]: null,
    [Symbol(kBufferCb)]: null,
    [Symbol(kBufferGen)]: null,
    [Symbol(kCapture)]: false,
    [Symbol(kSetNoDelay)]: true,
    [Symbol(kSetKeepAlive)]: false,
    [Symbol(kSetKeepAliveInitialDelay)]: 0,
    [Symbol(kBytesRead)]: 0,
    [Symbol(kBytesWritten)]: 0
  },
  httpVersionMajor: 1,
  httpVersionMinor: 1,
  httpVersion: '1.1',
  complete: true,
  rawHeaders: [
    'Connection',
    'upgrade',
    'Host',
    'vscode-internal-847-dev.dev01.cloud.kavia.ai',
    'X-Real-IP',
    '10.1.6.141',
    'X-Forwarded-For',
    '181.26.17.105',
    'X-Forwarded-Proto',
    'https',
    'X-Forwarded-Port',
    '3001',
    'X-Amzn-Trace-Id',
    'Root=1-6862efd7-7ac95d21439a992d1db801a2',
    'pragma',
    'no-cache',
    'cache-control',
    'no-cache',
    'sec-ch-ua-platform',
    '"Linux"',
    'user-agent',
    'Mozilla/5.0 (X11; Linux x86_64) AppleWebKit/537.36 (KHTML, like Gecko) Chrome/137.0.0.0 Safari/537.36',
    'sec-ch-ua',
    '"Brave";v="137", "Chromium";v="137", "Not/A)Brand";v="24"',
    'sec-ch-ua-mobile',
    '?0',
    'accept',
    '*/*',
    'sec-gpc',
    '1',
    'accept-language',
    'en-US,en;q=0.7',
    'origin',
    'https://dev.cloud.kavia.ai',
    'sec-fetch-site',
    'same-site',
    'sec-fetch-mode',
    'cors',
    'sec-fetch-dest',
    'empty',
    'referer',
    'https://dev.cloud.kavia.ai/',
    'accept-encoding',
    'gzip, deflate, br, zstd',
    'priority',
    'u=1, i'
  ],
  rawTrailers: [],
  joinDuplicateHeaders: null,
  aborted: false,
  upgrade: false,
  url: '/',
  method: 'HEAD',
  statusCode: null,
  statusMessage: null,
  client: <ref *1> Socket {
    connecting: false,
    _hadError: false,
    _parent: null,
    _host: null,
    _closeAfterHandlingError: false,
    _readableState: ReadableState {
      state: 4184,
      highWaterMark: 16384,
      buffer: BufferList { head: null, tail: null, length: 0 },
      length: 0,
      pipes: [],
      flowing: true,
      errored: null,
      defaultEncoding: 'utf8',
      awaitDrainWriters: null,
      decoder: null,
      encoding: null,
      [Symbol(kPaused)]: false
    },
    _events: [Object: null prototype] {
      end: [Array],
      timeout: [Function: socketOnTimeout],
      data: [Function: bound socketOnData],
      error: [Function: socketOnError],
      close: [Array],
      drain: [Function: bound socketOnDrain],
      resume: [Function: onSocketResume],
      pause: [Function: onSocketPause]
    },
    _eventsCount: 8,
    _maxListeners: undefined,
    _writableState: WritableState {
      objectMode: false,
      highWaterMark: 16384,
      finalCalled: false,
      needDrain: false,
      ending: false,
      ended: false,
      finished: false,
      destroyed: false,
      decodeStrings: false,
      defaultEncoding: 'utf8',
      length: 0,
      writing: false,
      corked: 0,
      sync: true,
      bufferProcessing: false,
      onwrite: [Function: bound onwrite],
      writecb: null,
      writelen: 0,
      afterWriteTickInfo: null,
      buffered: [],
      bufferedIndex: 0,
      allBuffers: true,
      allNoop: true,
      pendingcb: 0,
      constructed: true,
      prefinished: false,
      errorEmitted: false,
      emitClose: false,
      autoDestroy: true,
      errored: null,
      closed: false,
      closeEmitted: false,
      [Symbol(kOnFinished)]: []
    },
    allowHalfOpen: true,
    _sockname: null,
    _pendingData: null,
    _pendingEncoding: '',
    server: Server {
      maxHeaderSize: undefined,
      insecureHTTPParser: undefined,
      requestTimeout: 300000,
      headersTimeout: 60000,
      keepAliveTimeout: 5000,
      connectionsCheckingInterval: 30000,
      joinDuplicateHeaders: undefined,
      rejectNonStandardBodyWrites: false,
      _events: [Object: null prototype],
      _eventsCount: 3,
      _maxListeners: undefined,
      _connections: 2,
      _handle: [TCP],
      _usingWorkers: false,
      _workers: [],
      _unref: false,
      allowHalfOpen: true,
      pauseOnConnect: false,
      noDelay: true,
      keepAlive: false,
      keepAliveInitialDelay: 0,
      highWaterMark: 16384,
      httpAllowHalfOpen: false,
      timeout: 0,
      maxHeadersCount: null,
      maxRequestsPerSocket: 0,
      _connectionKey: '4:0.0.0.0:3001',
      [Symbol(IncomingMessage)]: [Function: IncomingMessage],
      [Symbol(ServerResponse)]: [Function: ServerResponse],
      [Symbol(kCapture)]: false,
      [Symbol(async_id_symbol)]: 9,
      [Symbol(kUniqueHeaders)]: null,
      [Symbol(http.server.connections)]: ConnectionsList {},
      [Symbol(http.server.connectionsCheckingInterval)]: Timeout {
        _idleTimeout: 30000,
        _idlePrev: [TimersList],
        _idleNext: [TimersList],
        _idleStart: 911,
        _onTimeout: [Function: bound checkConnections],
        _timerArgs: undefined,
        _repeat: 30000,
        _destroyed: false,
        [Symbol(refed)]: false,
        [Symbol(kHasPrimitive)]: false,
        [Symbol(asyncId)]: 11,
        [Symbol(triggerId)]: 10
      }
    },
    _server: Server {
      maxHeaderSize: undefined,
      insecureHTTPParser: undefined,
      requestTimeout: 300000,
      headersTimeout: 60000,
      keepAliveTimeout: 5000,
      connectionsCheckingInterval: 30000,
      joinDuplicateHeaders: undefined,
      rejectNonStandardBodyWrites: false,
      _events: [Object: null prototype],
      _eventsCount: 3,
      _maxListeners: undefined,
      _connections: 2,
      _handle: [TCP],
      _usingWorkers: false,
      _workers: [],
      _unref: false,
      allowHalfOpen: true,
      pauseOnConnect: false,
      noDelay: true,
      keepAlive: false,
      keepAliveInitialDelay: 0,
      highWaterMark: 16384,
      httpAllowHalfOpen: false,
      timeout: 0,
      maxHeadersCount: null,
      maxRequestsPerSocket: 0,
      _connectionKey: '4:0.0.0.0:3001',
      [Symbol(IncomingMessage)]: [Function: IncomingMessage],
      [Symbol(ServerResponse)]: [Function: ServerResponse],
      [Symbol(kCapture)]: false,
      [Symbol(async_id_symbol)]: 9,
      [Symbol(kUniqueHeaders)]: null,
      [Symbol(http.server.connections)]: ConnectionsList {},
      [Symbol(http.server.connectionsCheckingInterval)]: Timeout {
        _idleTimeout: 30000,
        _idlePrev: [TimersList],
        _idleNext: [TimersList],
        _idleStart: 911,
        _onTimeout: [Function: bound checkConnections],
        _timerArgs: undefined,
        _repeat: 30000,
        _destroyed: false,
        [Symbol(refed)]: false,
        [Symbol(kHasPrimitive)]: false,
        [Symbol(asyncId)]: 11,
        [Symbol(triggerId)]: 10
      }
    },
    parser: HTTPParser {
      '0': null,
      '1': [Function: parserOnHeaders],
      '2': [Function: parserOnHeadersComplete],
      '3': [Function: parserOnBody],
      '4': [Function: parserOnMessageComplete],
      '5': [Function: bound onParserExecute],
      '6': [Function: bound onParserTimeout],
      _headers: [],
      _url: '',
      socket: [Circular *1],
      incoming: [Circular *2],
      outgoing: null,
      maxHeaderPairs: 2000,
      _consumed: true,
      onIncoming: [Function: bound parserOnIncoming],
      joinDuplicateHeaders: null,
      [Symbol(resource_symbol)]: [HTTPServerAsyncResource]
    },
    on: [Function: socketListenerWrap],
    addListener: [Function: socketListenerWrap],
    prependListener: [Function: socketListenerWrap],
    setEncoding: [Function: socketSetEncoding],
    _paused: false,
    _httpMessage: ServerResponse {
      _events: [Object: null prototype],
      _eventsCount: 1,
      _maxListeners: undefined,
      outputData: [],
      outputSize: 0,
      writable: true,
      destroyed: false,
      _last: false,
      chunkedEncoding: false,
      shouldKeepAlive: true,
      maxRequestsOnConnectionReached: false,
      _defaultKeepAlive: true,
      useChunkedEncodingByDefault: true,
      sendDate: true,
      _removedConnection: false,
      _removedContLen: false,
      _removedTE: false,
      strictContentLength: false,
      _contentLength: null,
      _hasBody: false,
      _trailer: '',
      finished: false,
      _headerSent: false,
      _closed: false,
      socket: [Circular *1],
      _header: null,
      _keepAliveTimeout: 5000,
      _onPendingData: [Function: bound updateOutgoingData],
      req: [Circular *2],
      _sent100: false,
      _expect_continue: false,
      _maxRequestsPerSocket: 0,
      locals: [Object: null prototype] {},
      [Symbol(kCapture)]: false,
      [Symbol(kBytesWritten)]: 0,
      [Symbol(kNeedDrain)]: false,
      [Symbol(corked)]: 0,
      [Symbol(kOutHeaders)]: [Object: null prototype],
      [Symbol(errored)]: null,
      [Symbol(kHighWaterMark)]: 16384,
      [Symbol(kRejectNonStandardBodyWrites)]: false,
      [Symbol(kUniqueHeaders)]: null
    },
    [Symbol(async_id_symbol)]: 60,
    [Symbol(kHandle)]: TCP {
      reading: true,
      onconnection: null,
      _consumed: true,
      [Symbol(owner_symbol)]: [Circular *1]
    },
    [Symbol(lastWriteQueueSize)]: 0,
    [Symbol(timeout)]: null,
    [Symbol(kBuffer)]: null,
    [Symbol(kBufferCb)]: null,
    [Symbol(kBufferGen)]: null,
    [Symbol(kCapture)]: false,
    [Symbol(kSetNoDelay)]: true,
    [Symbol(kSetKeepAlive)]: false,
    [Symbol(kSetKeepAliveInitialDelay)]: 0,
    [Symbol(kBytesRead)]: 0,
    [Symbol(kBytesWritten)]: 0
  },
  _consuming: false,
  _dumped: false,
  next: [Function: next],
  baseUrl: '/docs',
  originalUrl: '/docs/',
  _parsedUrl: Url {
    protocol: null,
    slashes: null,
    auth: null,
    host: null,
    port: null,
    hostname: null,
    hash: null,
    search: null,
    query: null,
    pathname: '/docs/',
    path: '/docs/',
    href: '/docs/',
    _raw: '/docs/'
  },
  params: {},
  query: {},
  res: <ref *3> ServerResponse {
    _events: [Object: null prototype] { finish: [Function: bound resOnFinish] },
    _eventsCount: 1,
    _maxListeners: undefined,
    outputData: [],
    outputSize: 0,
    writable: true,
    destroyed: false,
    _last: false,
    chunkedEncoding: false,
    shouldKeepAlive: true,
    maxRequestsOnConnectionReached: false,
    _defaultKeepAlive: true,
    useChunkedEncodingByDefault: true,
    sendDate: true,
    _removedConnection: false,
    _removedContLen: false,
    _removedTE: false,
    strictContentLength: false,
    _contentLength: null,
    _hasBody: false,
    _trailer: '',
    finished: false,
    _headerSent: false,
    _closed: false,
    socket: <ref *1> Socket {
      connecting: false,
      _hadError: false,
      _parent: null,
      _host: null,
      _closeAfterHandlingError: false,
      _readableState: [ReadableState],
      _events: [Object: null prototype],
      _eventsCount: 8,
      _maxListeners: undefined,
      _writableState: [WritableState],
      allowHalfOpen: true,
      _sockname: null,
      _pendingData: null,
      _pendingEncoding: '',
      server: [Server],
      _server: [Server],
      parser: [HTTPParser],
      on: [Function: socketListenerWrap],
      addListener: [Function: socketListenerWrap],
      prependListener: [Function: socketListenerWrap],
      setEncoding: [Function: socketSetEncoding],
      _paused: false,
      _httpMessage: [Circular *3],
      [Symbol(async_id_symbol)]: 60,
      [Symbol(kHandle)]: [TCP],
      [Symbol(lastWriteQueueSize)]: 0,
      [Symbol(timeout)]: null,
      [Symbol(kBuffer)]: null,
      [Symbol(kBufferCb)]: null,
      [Symbol(kBufferGen)]: null,
      [Symbol(kCapture)]: false,
      [Symbol(kSetNoDelay)]: true,
      [Symbol(kSetKeepAlive)]: false,
      [Symbol(kSetKeepAliveInitialDelay)]: 0,
      [Symbol(kBytesRead)]: 0,
      [Symbol(kBytesWritten)]: 0
    },
    _header: null,
    _keepAliveTimeout: 5000,
    _onPendingData: [Function: bound updateOutgoingData],
    req: [Circular *2],
    _sent100: false,
    _expect_continue: false,
    _maxRequestsPerSocket: 0,
    locals: [Object: null prototype] {},
    [Symbol(kCapture)]: false,
    [Symbol(kBytesWritten)]: 0,
    [Symbol(kNeedDrain)]: false,
    [Symbol(corked)]: 0,
    [Symbol(kOutHeaders)]: [Object: null prototype] {
      'x-powered-by': [Array],
      'access-control-allow-origin': [Array]
    },
    [Symbol(errored)]: null,
    [Symbol(kHighWaterMark)]: 16384,
    [Symbol(kRejectNonStandardBodyWrites)]: false,
    [Symbol(kUniqueHeaders)]: null
  },
  _parsedOriginalUrl: Url {
    protocol: null,
    slashes: null,
    auth: null,
    host: null,
    port: null,
    hostname: null,
    hash: null,
    search: null,
    query: null,
    pathname: '/docs/',
    path: '/docs/',
    href: '/docs/',
    _raw: '/docs/'
  },
  [Symbol(kCapture)]: false,
  [Symbol(kHeaders)]: {
    connection: 'upgrade',
    host: 'vscode-internal-847-dev.dev01.cloud.kavia.ai',
    'x-real-ip': '10.1.6.141',
    'x-forwarded-for': '181.26.17.105',
    'x-forwarded-proto': 'https',
    'x-forwarded-port': '3001',
    'x-amzn-trace-id': 'Root=1-6862efd7-7ac95d21439a992d1db801a2',
    pragma: 'no-cache',
    'cache-control': 'no-cache',
    'sec-ch-ua-platform': '"Linux"',
    'user-agent': 'Mozilla/5.0 (X11; Linux x86_64) AppleWebKit/537.36 (KHTML, like Gecko) Chrome/137.0.0.0 Safari/537.36',
    'sec-ch-ua': '"Brave";v="137", "Chromium";v="137", "Not/A)Brand";v="24"',
    'sec-ch-ua-mobile': '?0',
    accept: '*/*',
    'sec-gpc': '1',
    'accept-language': 'en-US,en;q=0.7',
    origin: 'https://dev.cloud.kavia.ai',
    'sec-fetch-site': 'same-site',
    'sec-fetch-mode': 'cors',
    'sec-fetch-dest': 'empty',
    referer: 'https://dev.cloud.kavia.ai/',
    'accept-encoding': 'gzip, deflate, br, zstd',
    priority: 'u=1, i'
  },
  [Symbol(kHeadersCount)]: 46,
  [Symbol(kTrailers)]: null,
  [Symbol(kTrailersCount)]: 0
}
<ref *2> IncomingMessage {
  _readableState: ReadableState {
    state: 137266,
    highWaterMark: 16384,
    buffer: BufferList { head: null, tail: null, length: 0 },
    length: 0,
    pipes: [],
    flowing: null,
    errored: null,
    defaultEncoding: 'utf8',
    awaitDrainWriters: null,
    decoder: null,
    encoding: null,
    [Symbol(kPaused)]: null
  },
  _events: [Object: null prototype] {},
  _eventsCount: 0,
  _maxListeners: undefined,
  socket: <ref *1> Socket {
    connecting: false,
    _hadError: false,
    _parent: null,
    _host: null,
    _closeAfterHandlingError: false,
    _readableState: ReadableState {
      state: 4184,
      highWaterMark: 16384,
      buffer: BufferList { head: null, tail: null, length: 0 },
      length: 0,
      pipes: [],
      flowing: true,
      errored: null,
      defaultEncoding: 'utf8',
      awaitDrainWriters: null,
      decoder: null,
      encoding: null,
      [Symbol(kPaused)]: false
    },
    _events: [Object: null prototype] {
      end: [Array],
      timeout: [Function: socketOnTimeout],
      data: [Function: bound socketOnData],
      error: [Function: socketOnError],
      close: [Array],
      drain: [Function: bound socketOnDrain],
      resume: [Function: onSocketResume],
      pause: [Function: onSocketPause]
    },
    _eventsCount: 8,
    _maxListeners: undefined,
    _writableState: WritableState {
      objectMode: false,
      highWaterMark: 16384,
      finalCalled: false,
      needDrain: false,
      ending: false,
      ended: false,
      finished: false,
      destroyed: false,
      decodeStrings: false,
      defaultEncoding: 'utf8',
      length: 0,
      writing: false,
      corked: 0,
      sync: true,
      bufferProcessing: false,
      onwrite: [Function: bound onwrite],
      writecb: null,
      writelen: 0,
      afterWriteTickInfo: null,
      buffered: [],
      bufferedIndex: 0,
      allBuffers: true,
      allNoop: true,
      pendingcb: 0,
      constructed: true,
      prefinished: false,
      errorEmitted: false,
      emitClose: false,
      autoDestroy: true,
      errored: null,
      closed: false,
      closeEmitted: false,
      [Symbol(kOnFinished)]: []
    },
    allowHalfOpen: true,
    _sockname: null,
    _pendingData: null,
    _pendingEncoding: '',
    server: Server {
      maxHeaderSize: undefined,
      insecureHTTPParser: undefined,
      requestTimeout: 300000,
      headersTimeout: 60000,
      keepAliveTimeout: 5000,
      connectionsCheckingInterval: 30000,
      joinDuplicateHeaders: undefined,
      rejectNonStandardBodyWrites: false,
      _events: [Object: null prototype],
      _eventsCount: 3,
      _maxListeners: undefined,
      _connections: 2,
      _handle: [TCP],
      _usingWorkers: false,
      _workers: [],
      _unref: false,
      allowHalfOpen: true,
      pauseOnConnect: false,
      noDelay: true,
      keepAlive: false,
      keepAliveInitialDelay: 0,
      highWaterMark: 16384,
      httpAllowHalfOpen: false,
      timeout: 0,
      maxHeadersCount: null,
      maxRequestsPerSocket: 0,
      _connectionKey: '4:0.0.0.0:3001',
      [Symbol(IncomingMessage)]: [Function: IncomingMessage],
      [Symbol(ServerResponse)]: [Function: ServerResponse],
      [Symbol(kCapture)]: false,
      [Symbol(async_id_symbol)]: 9,
      [Symbol(kUniqueHeaders)]: null,
      [Symbol(http.server.connections)]: ConnectionsList {},
      [Symbol(http.server.connectionsCheckingInterval)]: Timeout {
        _idleTimeout: 30000,
        _idlePrev: [TimersList],
        _idleNext: [TimersList],
        _idleStart: 911,
        _onTimeout: [Function: bound checkConnections],
        _timerArgs: undefined,
        _repeat: 30000,
        _destroyed: false,
        [Symbol(refed)]: false,
        [Symbol(kHasPrimitive)]: false,
        [Symbol(asyncId)]: 11,
        [Symbol(triggerId)]: 10
      }
    },
    _server: Server {
      maxHeaderSize: undefined,
      insecureHTTPParser: undefined,
      requestTimeout: 300000,
      headersTimeout: 60000,
      keepAliveTimeout: 5000,
      connectionsCheckingInterval: 30000,
      joinDuplicateHeaders: undefined,
      rejectNonStandardBodyWrites: false,
      _events: [Object: null prototype],
      _eventsCount: 3,
      _maxListeners: undefined,
      _connections: 2,
      _handle: [TCP],
      _usingWorkers: false,
      _workers: [],
      _unref: false,
      allowHalfOpen: true,
      pauseOnConnect: false,
      noDelay: true,
      keepAlive: false,
      keepAliveInitialDelay: 0,
      highWaterMark: 16384,
      httpAllowHalfOpen: false,
      timeout: 0,
      maxHeadersCount: null,
      maxRequestsPerSocket: 0,
      _connectionKey: '4:0.0.0.0:3001',
      [Symbol(IncomingMessage)]: [Function: IncomingMessage],
      [Symbol(ServerResponse)]: [Function: ServerResponse],
      [Symbol(kCapture)]: false,
      [Symbol(async_id_symbol)]: 9,
      [Symbol(kUniqueHeaders)]: null,
      [Symbol(http.server.connections)]: ConnectionsList {},
      [Symbol(http.server.connectionsCheckingInterval)]: Timeout {
        _idleTimeout: 30000,
        _idlePrev: [TimersList],
        _idleNext: [TimersList],
        _idleStart: 911,
        _onTimeout: [Function: bound checkConnections],
        _timerArgs: undefined,
        _repeat: 30000,
        _destroyed: false,
        [Symbol(refed)]: false,
        [Symbol(kHasPrimitive)]: false,
        [Symbol(asyncId)]: 11,
        [Symbol(triggerId)]: 10
      }
    },
    parser: HTTPParser {
      '0': null,
      '1': [Function: parserOnHeaders],
      '2': [Function: parserOnHeadersComplete],
      '3': [Function: parserOnBody],
      '4': [Function: parserOnMessageComplete],
      '5': [Function: bound onParserExecute],
      '6': [Function: bound onParserTimeout],
      _headers: [],
      _url: '',
      socket: [Circular *1],
      incoming: [Circular *2],
      outgoing: null,
      maxHeaderPairs: 2000,
      _consumed: true,
      onIncoming: [Function: bound parserOnIncoming],
      joinDuplicateHeaders: null,
      [Symbol(resource_symbol)]: [HTTPServerAsyncResource]
    },
    on: [Function: socketListenerWrap],
    addListener: [Function: socketListenerWrap],
    prependListener: [Function: socketListenerWrap],
    setEncoding: [Function: socketSetEncoding],
    _paused: false,
    _httpMessage: ServerResponse {
      _events: [Object: null prototype],
      _eventsCount: 1,
      _maxListeners: undefined,
      outputData: [],
      outputSize: 0,
      writable: true,
      destroyed: false,
      _last: false,
      chunkedEncoding: false,
      shouldKeepAlive: true,
      maxRequestsOnConnectionReached: false,
      _defaultKeepAlive: true,
      useChunkedEncodingByDefault: true,
      sendDate: true,
      _removedConnection: false,
      _removedContLen: false,
      _removedTE: false,
      strictContentLength: false,
      _contentLength: null,
      _hasBody: false,
      _trailer: '',
      finished: false,
      _headerSent: false,
      _closed: false,
      socket: [Circular *1],
      _header: null,
      _keepAliveTimeout: 5000,
      _onPendingData: [Function: bound updateOutgoingData],
      req: [Circular *2],
      _sent100: false,
      _expect_continue: false,
      _maxRequestsPerSocket: 0,
      locals: [Object: null prototype] {},
      [Symbol(kCapture)]: false,
      [Symbol(kBytesWritten)]: 0,
      [Symbol(kNeedDrain)]: false,
      [Symbol(corked)]: 0,
      [Symbol(kOutHeaders)]: [Object: null prototype],
      [Symbol(errored)]: null,
      [Symbol(kHighWaterMark)]: 16384,
      [Symbol(kRejectNonStandardBodyWrites)]: false,
      [Symbol(kUniqueHeaders)]: null
    },
    [Symbol(async_id_symbol)]: 173,
    [Symbol(kHandle)]: TCP {
      reading: true,
      onconnection: null,
      _consumed: true,
      [Symbol(owner_symbol)]: [Circular *1]
    },
    [Symbol(lastWriteQueueSize)]: 0,
    [Symbol(timeout)]: null,
    [Symbol(kBuffer)]: null,
    [Symbol(kBufferCb)]: null,
    [Symbol(kBufferGen)]: null,
    [Symbol(kCapture)]: false,
    [Symbol(kSetNoDelay)]: true,
    [Symbol(kSetKeepAlive)]: false,
    [Symbol(kSetKeepAliveInitialDelay)]: 0,
    [Symbol(kBytesRead)]: 0,
    [Symbol(kBytesWritten)]: 0
  },
  httpVersionMajor: 1,
  httpVersionMinor: 1,
  httpVersion: '1.1',
  complete: true,
  rawHeaders: [
    'Connection',
    'upgrade',
    'Host',
    'vscode-internal-847-dev.dev01.cloud.kavia.ai',
    'X-Real-IP',
    '10.1.6.141',
    'X-Forwarded-For',
    '181.26.17.105',
    'X-Forwarded-Proto',
    'https',
    'X-Forwarded-Port',
    '3001',
    'X-Amzn-Trace-Id',
    'Root=1-6862efd8-22801f3c13e352aa1cd5b5d9',
    'pragma',
    'no-cache',
    'cache-control',
    'no-cache',
    'sec-ch-ua-platform',
    '"Linux"',
    'user-agent',
    'Mozilla/5.0 (X11; Linux x86_64) AppleWebKit/537.36 (KHTML, like Gecko) Chrome/137.0.0.0 Safari/537.36',
    'sec-ch-ua',
    '"Brave";v="137", "Chromium";v="137", "Not/A)Brand";v="24"',
    'sec-ch-ua-mobile',
    '?0',
    'accept',
    '*/*',
    'sec-gpc',
    '1',
    'accept-language',
    'en-US,en;q=0.7',
    'origin',
    'https://dev.cloud.kavia.ai',
    'sec-fetch-site',
    'same-site',
    'sec-fetch-mode',
    'cors',
    'sec-fetch-dest',
    'empty',
    'referer',
    'https://dev.cloud.kavia.ai/',
    'accept-encoding',
    'gzip, deflate, br, zstd',
    'priority',
    'u=1, i'
  ],
  rawTrailers: [],
  joinDuplicateHeaders: null,
  aborted: false,
  upgrade: false,
  url: '/',
  method: 'HEAD',
  statusCode: null,
  statusMessage: null,
  client: <ref *1> Socket {
    connecting: false,
    _hadError: false,
    _parent: null,
    _host: null,
    _closeAfterHandlingError: false,
    _readableState: ReadableState {
      state: 4184,
      highWaterMark: 16384,
      buffer: BufferList { head: null, tail: null, length: 0 },
      length: 0,
      pipes: [],
      flowing: true,
      errored: null,
      defaultEncoding: 'utf8',
      awaitDrainWriters: null,
      decoder: null,
      encoding: null,
      [Symbol(kPaused)]: false
    },
    _events: [Object: null prototype] {
      end: [Array],
      timeout: [Function: socketOnTimeout],
      data: [Function: bound socketOnData],
      error: [Function: socketOnError],
      close: [Array],
      drain: [Function: bound socketOnDrain],
      resume: [Function: onSocketResume],
      pause: [Function: onSocketPause]
    },
    _eventsCount: 8,
    _maxListeners: undefined,
    _writableState: WritableState {
      objectMode: false,
      highWaterMark: 16384,
      finalCalled: false,
      needDrain: false,
      ending: false,
      ended: false,
      finished: false,
      destroyed: false,
      decodeStrings: false,
      defaultEncoding: 'utf8',
      length: 0,
      writing: false,
      corked: 0,
      sync: true,
      bufferProcessing: false,
      onwrite: [Function: bound onwrite],
      writecb: null,
      writelen: 0,
      afterWriteTickInfo: null,
      buffered: [],
      bufferedIndex: 0,
      allBuffers: true,
      allNoop: true,
      pendingcb: 0,
      constructed: true,
      prefinished: false,
      errorEmitted: false,
      emitClose: false,
      autoDestroy: true,
      errored: null,
      closed: false,
      closeEmitted: false,
      [Symbol(kOnFinished)]: []
    },
    allowHalfOpen: true,
    _sockname: null,
    _pendingData: null,
    _pendingEncoding: '',
    server: Server {
      maxHeaderSize: undefined,
      insecureHTTPParser: undefined,
      requestTimeout: 300000,
      headersTimeout: 60000,
      keepAliveTimeout: 5000,
      connectionsCheckingInterval: 30000,
      joinDuplicateHeaders: undefined,
      rejectNonStandardBodyWrites: false,
      _events: [Object: null prototype],
      _eventsCount: 3,
      _maxListeners: undefined,
      _connections: 2,
      _handle: [TCP],
      _usingWorkers: false,
      _workers: [],
      _unref: false,
      allowHalfOpen: true,
      pauseOnConnect: false,
      noDelay: true,
      keepAlive: false,
      keepAliveInitialDelay: 0,
      highWaterMark: 16384,
      httpAllowHalfOpen: false,
      timeout: 0,
      maxHeadersCount: null,
      maxRequestsPerSocket: 0,
      _connectionKey: '4:0.0.0.0:3001',
      [Symbol(IncomingMessage)]: [Function: IncomingMessage],
      [Symbol(ServerResponse)]: [Function: ServerResponse],
      [Symbol(kCapture)]: false,
      [Symbol(async_id_symbol)]: 9,
      [Symbol(kUniqueHeaders)]: null,
      [Symbol(http.server.connections)]: ConnectionsList {},
      [Symbol(http.server.connectionsCheckingInterval)]: Timeout {
        _idleTimeout: 30000,
        _idlePrev: [TimersList],
        _idleNext: [TimersList],
        _idleStart: 911,
        _onTimeout: [Function: bound checkConnections],
        _timerArgs: undefined,
        _repeat: 30000,
        _destroyed: false,
        [Symbol(refed)]: false,
        [Symbol(kHasPrimitive)]: false,
        [Symbol(asyncId)]: 11,
        [Symbol(triggerId)]: 10
      }
    },
    _server: Server {
      maxHeaderSize: undefined,
      insecureHTTPParser: undefined,
      requestTimeout: 300000,
      headersTimeout: 60000,
      keepAliveTimeout: 5000,
      connectionsCheckingInterval: 30000,
      joinDuplicateHeaders: undefined,
      rejectNonStandardBodyWrites: false,
      _events: [Object: null prototype],
      _eventsCount: 3,
      _maxListeners: undefined,
      _connections: 2,
      _handle: [TCP],
      _usingWorkers: false,
      _workers: [],
      _unref: false,
      allowHalfOpen: true,
      pauseOnConnect: false,
      noDelay: true,
      keepAlive: false,
      keepAliveInitialDelay: 0,
      highWaterMark: 16384,
      httpAllowHalfOpen: false,
      timeout: 0,
      maxHeadersCount: null,
      maxRequestsPerSocket: 0,
      _connectionKey: '4:0.0.0.0:3001',
      [Symbol(IncomingMessage)]: [Function: IncomingMessage],
      [Symbol(ServerResponse)]: [Function: ServerResponse],
      [Symbol(kCapture)]: false,
      [Symbol(async_id_symbol)]: 9,
      [Symbol(kUniqueHeaders)]: null,
      [Symbol(http.server.connections)]: ConnectionsList {},
      [Symbol(http.server.connectionsCheckingInterval)]: Timeout {
        _idleTimeout: 30000,
        _idlePrev: [TimersList],
        _idleNext: [TimersList],
        _idleStart: 911,
        _onTimeout: [Function: bound checkConnections],
        _timerArgs: undefined,
        _repeat: 30000,
        _destroyed: false,
        [Symbol(refed)]: false,
        [Symbol(kHasPrimitive)]: false,
        [Symbol(asyncId)]: 11,
        [Symbol(triggerId)]: 10
      }
    },
    parser: HTTPParser {
      '0': null,
      '1': [Function: parserOnHeaders],
      '2': [Function: parserOnHeadersComplete],
      '3': [Function: parserOnBody],
      '4': [Function: parserOnMessageComplete],
      '5': [Function: bound onParserExecute],
      '6': [Function: bound onParserTimeout],
      _headers: [],
      _url: '',
      socket: [Circular *1],
      incoming: [Circular *2],
      outgoing: null,
      maxHeaderPairs: 2000,
      _consumed: true,
      onIncoming: [Function: bound parserOnIncoming],
      joinDuplicateHeaders: null,
      [Symbol(resource_symbol)]: [HTTPServerAsyncResource]
    },
    on: [Function: socketListenerWrap],
    addListener: [Function: socketListenerWrap],
    prependListener: [Function: socketListenerWrap],
    setEncoding: [Function: socketSetEncoding],
    _paused: false,
    _httpMessage: ServerResponse {
      _events: [Object: null prototype],
      _eventsCount: 1,
      _maxListeners: undefined,
      outputData: [],
      outputSize: 0,
      writable: true,
      destroyed: false,
      _last: false,
      chunkedEncoding: false,
      shouldKeepAlive: true,
      maxRequestsOnConnectionReached: false,
      _defaultKeepAlive: true,
      useChunkedEncodingByDefault: true,
      sendDate: true,
      _removedConnection: false,
      _removedContLen: false,
      _removedTE: false,
      strictContentLength: false,
      _contentLength: null,
      _hasBody: false,
      _trailer: '',
      finished: false,
      _headerSent: false,
      _closed: false,
      socket: [Circular *1],
      _header: null,
      _keepAliveTimeout: 5000,
      _onPendingData: [Function: bound updateOutgoingData],
      req: [Circular *2],
      _sent100: false,
      _expect_continue: false,
      _maxRequestsPerSocket: 0,
      locals: [Object: null prototype] {},
      [Symbol(kCapture)]: false,
      [Symbol(kBytesWritten)]: 0,
      [Symbol(kNeedDrain)]: false,
      [Symbol(corked)]: 0,
      [Symbol(kOutHeaders)]: [Object: null prototype],
      [Symbol(errored)]: null,
      [Symbol(kHighWaterMark)]: 16384,
      [Symbol(kRejectNonStandardBodyWrites)]: false,
      [Symbol(kUniqueHeaders)]: null
    },
    [Symbol(async_id_symbol)]: 173,
    [Symbol(kHandle)]: TCP {
      reading: true,
      onconnection: null,
      _consumed: true,
      [Symbol(owner_symbol)]: [Circular *1]
    },
    [Symbol(lastWriteQueueSize)]: 0,
    [Symbol(timeout)]: null,
    [Symbol(kBuffer)]: null,
    [Symbol(kBufferCb)]: null,
    [Symbol(kBufferGen)]: null,
    [Symbol(kCapture)]: false,
    [Symbol(kSetNoDelay)]: true,
    [Symbol(kSetKeepAlive)]: false,
    [Symbol(kSetKeepAliveInitialDelay)]: 0,
    [Symbol(kBytesRead)]: 0,
    [Symbol(kBytesWritten)]: 0
  },
  _consuming: false,
  _dumped: false,
  next: [Function: next],
  baseUrl: '/docs',
  originalUrl: '/docs/',
  _parsedUrl: Url {
    protocol: null,
    slashes: null,
    auth: null,
    host: null,
    port: null,
    hostname: null,
    hash: null,
    search: null,
    query: null,
    pathname: '/docs/',
    path: '/docs/',
    href: '/docs/',
    _raw: '/docs/'
  },
  params: {},
  query: {},
  res: <ref *3> ServerResponse {
    _events: [Object: null prototype] { finish: [Function: bound resOnFinish] },
    _eventsCount: 1,
    _maxListeners: undefined,
    outputData: [],
    outputSize: 0,
    writable: true,
    destroyed: false,
    _last: false,
    chunkedEncoding: false,
    shouldKeepAlive: true,
    maxRequestsOnConnectionReached: false,
    _defaultKeepAlive: true,
    useChunkedEncodingByDefault: true,
    sendDate: true,
    _removedConnection: false,
    _removedContLen: false,
    _removedTE: false,
    strictContentLength: false,
    _contentLength: null,
    _hasBody: false,
    _trailer: '',
    finished: false,
    _headerSent: false,
    _closed: false,
    socket: <ref *1> Socket {
      connecting: false,
      _hadError: false,
      _parent: null,
      _host: null,
      _closeAfterHandlingError: false,
      _readableState: [ReadableState],
      _events: [Object: null prototype],
      _eventsCount: 8,
      _maxListeners: undefined,
      _writableState: [WritableState],
      allowHalfOpen: true,
      _sockname: null,
      _pendingData: null,
      _pendingEncoding: '',
      server: [Server],
      _server: [Server],
      parser: [HTTPParser],
      on: [Function: socketListenerWrap],
      addListener: [Function: socketListenerWrap],
      prependListener: [Function: socketListenerWrap],
      setEncoding: [Function: socketSetEncoding],
      _paused: false,
      _httpMessage: [Circular *3],
      [Symbol(async_id_symbol)]: 173,
      [Symbol(kHandle)]: [TCP],
      [Symbol(lastWriteQueueSize)]: 0,
      [Symbol(timeout)]: null,
      [Symbol(kBuffer)]: null,
      [Symbol(kBufferCb)]: null,
      [Symbol(kBufferGen)]: null,
      [Symbol(kCapture)]: false,
      [Symbol(kSetNoDelay)]: true,
      [Symbol(kSetKeepAlive)]: false,
      [Symbol(kSetKeepAliveInitialDelay)]: 0,
      [Symbol(kBytesRead)]: 0,
      [Symbol(kBytesWritten)]: 0
    },
    _header: null,
    _keepAliveTimeout: 5000,
    _onPendingData: [Function: bound updateOutgoingData],
    req: [Circular *2],
    _sent100: false,
    _expect_continue: false,
    _maxRequestsPerSocket: 0,
    locals: [Object: null prototype] {},
    [Symbol(kCapture)]: false,
    [Symbol(kBytesWritten)]: 0,
    [Symbol(kNeedDrain)]: false,
    [Symbol(corked)]: 0,
    [Symbol(kOutHeaders)]: [Object: null prototype] {
      'x-powered-by': [Array],
      'access-control-allow-origin': [Array]
    },
    [Symbol(errored)]: null,
    [Symbol(kHighWaterMark)]: 16384,
    [Symbol(kRejectNonStandardBodyWrites)]: false,
    [Symbol(kUniqueHeaders)]: null
  },
  _parsedOriginalUrl: Url {
    protocol: null,
    slashes: null,
    auth: null,
    host: null,
    port: null,
    hostname: null,
    hash: null,
    search: null,
    query: null,
    pathname: '/docs/',
    path: '/docs/',
    href: '/docs/',
    _raw: '/docs/'
  },
  [Symbol(kCapture)]: false,
  [Symbol(kHeaders)]: {
    connection: 'upgrade',
    host: 'vscode-internal-847-dev.dev01.cloud.kavia.ai',
    'x-real-ip': '10.1.6.141',
    'x-forwarded-for': '181.26.17.105',
    'x-forwarded-proto': 'https',
    'x-forwarded-port': '3001',
    'x-amzn-trace-id': 'Root=1-6862efd8-22801f3c13e352aa1cd5b5d9',
    pragma: 'no-cache',
    'cache-control': 'no-cache',
    'sec-ch-ua-platform': '"Linux"',
    'user-agent': 'Mozilla/5.0 (X11; Linux x86_64) AppleWebKit/537.36 (KHTML, like Gecko) Chrome/137.0.0.0 Safari/537.36',
    'sec-ch-ua': '"Brave";v="137", "Chromium";v="137", "Not/A)Brand";v="24"',
    'sec-ch-ua-mobile': '?0',
    accept: '*/*',
    'sec-gpc': '1',
    'accept-language': 'en-US,en;q=0.7',
    origin: 'https://dev.cloud.kavia.ai',
    'sec-fetch-site': 'same-site',
    'sec-fetch-mode': 'cors',
    'sec-fetch-dest': 'empty',
    referer: 'https://dev.cloud.kavia.ai/',
    'accept-encoding': 'gzip, deflate, br, zstd',
    priority: 'u=1, i'
  },
  [Symbol(kHeadersCount)]: 46,
  [Symbol(kTrailers)]: null,
  [Symbol(kTrailersCount)]: 0
}
<ref *2> IncomingMessage {
  _readableState: ReadableState {
    state: 137266,
    highWaterMark: 16384,
    buffer: BufferList { head: null, tail: null, length: 0 },
    length: 0,
    pipes: [],
    flowing: null,
    errored: null,
    defaultEncoding: 'utf8',
    awaitDrainWriters: null,
    decoder: null,
    encoding: null,
    [Symbol(kPaused)]: null
  },
  _events: [Object: null prototype] {},
  _eventsCount: 0,
  _maxListeners: undefined,
  socket: <ref *1> Socket {
    connecting: false,
    _hadError: false,
    _parent: null,
    _host: null,
    _closeAfterHandlingError: false,
    _readableState: ReadableState {
      state: 4184,
      highWaterMark: 16384,
      buffer: BufferList { head: null, tail: null, length: 0 },
      length: 0,
      pipes: [],
      flowing: true,
      errored: null,
      defaultEncoding: 'utf8',
      awaitDrainWriters: null,
      decoder: null,
      encoding: null,
      [Symbol(kPaused)]: false
    },
    _events: [Object: null prototype] {
      end: [Array],
      timeout: [Function: socketOnTimeout],
      data: [Function: bound socketOnData],
      error: [Function: socketOnError],
      close: [Array],
      drain: [Function: bound socketOnDrain],
      resume: [Function: onSocketResume],
      pause: [Function: onSocketPause]
    },
    _eventsCount: 8,
    _maxListeners: undefined,
    _writableState: WritableState {
      objectMode: false,
      highWaterMark: 16384,
      finalCalled: false,
      needDrain: false,
      ending: false,
      ended: false,
      finished: false,
      destroyed: false,
      decodeStrings: false,
      defaultEncoding: 'utf8',
      length: 0,
      writing: false,
      corked: 0,
      sync: true,
      bufferProcessing: false,
      onwrite: [Function: bound onwrite],
      writecb: null,
      writelen: 0,
      afterWriteTickInfo: null,
      buffered: [],
      bufferedIndex: 0,
      allBuffers: true,
      allNoop: true,
      pendingcb: 0,
      constructed: true,
      prefinished: false,
      errorEmitted: false,
      emitClose: false,
      autoDestroy: true,
      errored: null,
      closed: false,
      closeEmitted: false,
      [Symbol(kOnFinished)]: []
    },
    allowHalfOpen: true,
    _sockname: null,
    _pendingData: null,
    _pendingEncoding: '',
    server: Server {
      maxHeaderSize: undefined,
      insecureHTTPParser: undefined,
      requestTimeout: 300000,
      headersTimeout: 60000,
      keepAliveTimeout: 5000,
      connectionsCheckingInterval: 30000,
      joinDuplicateHeaders: undefined,
      rejectNonStandardBodyWrites: false,
      _events: [Object: null prototype],
      _eventsCount: 3,
      _maxListeners: undefined,
      _connections: 2,
      _handle: [TCP],
      _usingWorkers: false,
      _workers: [],
      _unref: false,
      allowHalfOpen: true,
      pauseOnConnect: false,
      noDelay: true,
      keepAlive: false,
      keepAliveInitialDelay: 0,
      highWaterMark: 16384,
      httpAllowHalfOpen: false,
      timeout: 0,
      maxHeadersCount: null,
      maxRequestsPerSocket: 0,
      _connectionKey: '4:0.0.0.0:3001',
      [Symbol(IncomingMessage)]: [Function: IncomingMessage],
      [Symbol(ServerResponse)]: [Function: ServerResponse],
      [Symbol(kCapture)]: false,
      [Symbol(async_id_symbol)]: 9,
      [Symbol(kUniqueHeaders)]: null,
      [Symbol(http.server.connections)]: ConnectionsList {},
      [Symbol(http.server.connectionsCheckingInterval)]: Timeout {
        _idleTimeout: 30000,
        _idlePrev: [TimersList],
        _idleNext: [TimersList],
        _idleStart: 911,
        _onTimeout: [Function: bound checkConnections],
        _timerArgs: undefined,
        _repeat: 30000,
        _destroyed: false,
        [Symbol(refed)]: false,
        [Symbol(kHasPrimitive)]: false,
        [Symbol(asyncId)]: 11,
        [Symbol(triggerId)]: 10
      }
    },
    _server: Server {
      maxHeaderSize: undefined,
      insecureHTTPParser: undefined,
      requestTimeout: 300000,
      headersTimeout: 60000,
      keepAliveTimeout: 5000,
      connectionsCheckingInterval: 30000,
      joinDuplicateHeaders: undefined,
      rejectNonStandardBodyWrites: false,
      _events: [Object: null prototype],
      _eventsCount: 3,
      _maxListeners: undefined,
      _connections: 2,
      _handle: [TCP],
      _usingWorkers: false,
      _workers: [],
      _unref: false,
      allowHalfOpen: true,
      pauseOnConnect: false,
      noDelay: true,
      keepAlive: false,
      keepAliveInitialDelay: 0,
      highWaterMark: 16384,
      httpAllowHalfOpen: false,
      timeout: 0,
      maxHeadersCount: null,
      maxRequestsPerSocket: 0,
      _connectionKey: '4:0.0.0.0:3001',
      [Symbol(IncomingMessage)]: [Function: IncomingMessage],
      [Symbol(ServerResponse)]: [Function: ServerResponse],
      [Symbol(kCapture)]: false,
      [Symbol(async_id_symbol)]: 9,
      [Symbol(kUniqueHeaders)]: null,
      [Symbol(http.server.connections)]: ConnectionsList {},
      [Symbol(http.server.connectionsCheckingInterval)]: Timeout {
        _idleTimeout: 30000,
        _idlePrev: [TimersList],
        _idleNext: [TimersList],
        _idleStart: 911,
        _onTimeout: [Function: bound checkConnections],
        _timerArgs: undefined,
        _repeat: 30000,
        _destroyed: false,
        [Symbol(refed)]: false,
        [Symbol(kHasPrimitive)]: false,
        [Symbol(asyncId)]: 11,
        [Symbol(triggerId)]: 10
      }
    },
    parser: HTTPParser {
      '0': null,
      '1': [Function: parserOnHeaders],
      '2': [Function: parserOnHeadersComplete],
      '3': [Function: parserOnBody],
      '4': [Function: parserOnMessageComplete],
      '5': [Function: bound onParserExecute],
      '6': [Function: bound onParserTimeout],
      _headers: [],
      _url: '',
      socket: [Circular *1],
      incoming: [Circular *2],
      outgoing: null,
      maxHeaderPairs: 2000,
      _consumed: true,
      onIncoming: [Function: bound parserOnIncoming],
      joinDuplicateHeaders: null,
      [Symbol(resource_symbol)]: [HTTPServerAsyncResource]
    },
    on: [Function: socketListenerWrap],
    addListener: [Function: socketListenerWrap],
    prependListener: [Function: socketListenerWrap],
    setEncoding: [Function: socketSetEncoding],
    _paused: false,
    _httpMessage: ServerResponse {
      _events: [Object: null prototype],
      _eventsCount: 1,
      _maxListeners: undefined,
      outputData: [],
      outputSize: 0,
      writable: true,
      destroyed: false,
      _last: false,
      chunkedEncoding: false,
      shouldKeepAlive: true,
      maxRequestsOnConnectionReached: false,
      _defaultKeepAlive: true,
      useChunkedEncodingByDefault: true,
      sendDate: true,
      _removedConnection: false,
      _removedContLen: false,
      _removedTE: false,
      strictContentLength: false,
      _contentLength: null,
      _hasBody: false,
      _trailer: '',
      finished: false,
      _headerSent: false,
      _closed: false,
      socket: [Circular *1],
      _header: null,
      _keepAliveTimeout: 5000,
      _onPendingData: [Function: bound updateOutgoingData],
      req: [Circular *2],
      _sent100: false,
      _expect_continue: false,
      _maxRequestsPerSocket: 0,
      locals: [Object: null prototype] {},
      [Symbol(kCapture)]: false,
      [Symbol(kBytesWritten)]: 0,
      [Symbol(kNeedDrain)]: false,
      [Symbol(corked)]: 0,
      [Symbol(kOutHeaders)]: [Object: null prototype],
      [Symbol(errored)]: null,
      [Symbol(kHighWaterMark)]: 16384,
      [Symbol(kRejectNonStandardBodyWrites)]: false,
      [Symbol(kUniqueHeaders)]: null
    },
    [Symbol(async_id_symbol)]: 176,
    [Symbol(kHandle)]: TCP {
      reading: true,
      onconnection: null,
      _consumed: true,
      [Symbol(owner_symbol)]: [Circular *1]
    },
    [Symbol(lastWriteQueueSize)]: 0,
    [Symbol(timeout)]: null,
    [Symbol(kBuffer)]: null,
    [Symbol(kBufferCb)]: null,
    [Symbol(kBufferGen)]: null,
    [Symbol(kCapture)]: false,
    [Symbol(kSetNoDelay)]: true,
    [Symbol(kSetKeepAlive)]: false,
    [Symbol(kSetKeepAliveInitialDelay)]: 0,
    [Symbol(kBytesRead)]: 0,
    [Symbol(kBytesWritten)]: 0
  },
  httpVersionMajor: 1,
  httpVersionMinor: 1,
  httpVersion: '1.1',
  complete: true,
  rawHeaders: [
    'Connection',
    'upgrade',
    'Host',
    'vscode-internal-847-dev.dev01.cloud.kavia.ai',
    'X-Real-IP',
    '10.1.6.141',
    'X-Forwarded-For',
    '181.26.17.105',
    'X-Forwarded-Proto',
    'https',
    'X-Forwarded-Port',
    '3001',
    'X-Amzn-Trace-Id',
    'Root=1-6862efd8-6d0b480934f1a38279d189c7',
    'pragma',
    'no-cache',
    'cache-control',
    'no-cache',
    'sec-ch-ua-platform',
    '"Linux"',
    'user-agent',
    'Mozilla/5.0 (X11; Linux x86_64) AppleWebKit/537.36 (KHTML, like Gecko) Chrome/137.0.0.0 Safari/537.36',
    'sec-ch-ua',
    '"Brave";v="137", "Chromium";v="137", "Not/A)Brand";v="24"',
    'sec-ch-ua-mobile',
    '?0',
    'accept',
    '*/*',
    'sec-gpc',
    '1',
    'accept-language',
    'en-US,en;q=0.7',
    'origin',
    'https://dev.cloud.kavia.ai',
    'sec-fetch-site',
    'same-site',
    'sec-fetch-mode',
    'cors',
    'sec-fetch-dest',
    'empty',
    'referer',
    'https://dev.cloud.kavia.ai/',
    'accept-encoding',
    'gzip, deflate, br, zstd',
    'priority',
    'u=1, i'
  ],
  rawTrailers: [],
  joinDuplicateHeaders: null,
  aborted: false,
  upgrade: false,
  url: '/',
  method: 'HEAD',
  statusCode: null,
  statusMessage: null,
  client: <ref *1> Socket {
    connecting: false,
    _hadError: false,
    _parent: null,
    _host: null,
    _closeAfterHandlingError: false,
    _readableState: ReadableState {
      state: 4184,
      highWaterMark: 16384,
      buffer: BufferList { head: null, tail: null, length: 0 },
      length: 0,
      pipes: [],
      flowing: true,
      errored: null,
      defaultEncoding: 'utf8',
      awaitDrainWriters: null,
      decoder: null,
      encoding: null,
      [Symbol(kPaused)]: false
    },
    _events: [Object: null prototype] {
      end: [Array],
      timeout: [Function: socketOnTimeout],
      data: [Function: bound socketOnData],
      error: [Function: socketOnError],
      close: [Array],
      drain: [Function: bound socketOnDrain],
      resume: [Function: onSocketResume],
      pause: [Function: onSocketPause]
    },
    _eventsCount: 8,
    _maxListeners: undefined,
    _writableState: WritableState {
      objectMode: false,
      highWaterMark: 16384,
      finalCalled: false,
      needDrain: false,
      ending: false,
      ended: false,
      finished: false,
      destroyed: false,
      decodeStrings: false,
      defaultEncoding: 'utf8',
      length: 0,
      writing: false,
      corked: 0,
      sync: true,
      bufferProcessing: false,
      onwrite: [Function: bound onwrite],
      writecb: null,
      writelen: 0,
      afterWriteTickInfo: null,
      buffered: [],
      bufferedIndex: 0,
      allBuffers: true,
      allNoop: true,
      pendingcb: 0,
      constructed: true,
      prefinished: false,
      errorEmitted: false,
      emitClose: false,
      autoDestroy: true,
      errored: null,
      closed: false,
      closeEmitted: false,
      [Symbol(kOnFinished)]: []
    },
    allowHalfOpen: true,
    _sockname: null,
    _pendingData: null,
    _pendingEncoding: '',
    server: Server {
      maxHeaderSize: undefined,
      insecureHTTPParser: undefined,
      requestTimeout: 300000,
      headersTimeout: 60000,
      keepAliveTimeout: 5000,
      connectionsCheckingInterval: 30000,
      joinDuplicateHeaders: undefined,
      rejectNonStandardBodyWrites: false,
      _events: [Object: null prototype],
      _eventsCount: 3,
      _maxListeners: undefined,
      _connections: 2,
      _handle: [TCP],
      _usingWorkers: false,
      _workers: [],
      _unref: false,
      allowHalfOpen: true,
      pauseOnConnect: false,
      noDelay: true,
      keepAlive: false,
      keepAliveInitialDelay: 0,
      highWaterMark: 16384,
      httpAllowHalfOpen: false,
      timeout: 0,
      maxHeadersCount: null,
      maxRequestsPerSocket: 0,
      _connectionKey: '4:0.0.0.0:3001',
      [Symbol(IncomingMessage)]: [Function: IncomingMessage],
      [Symbol(ServerResponse)]: [Function: ServerResponse],
      [Symbol(kCapture)]: false,
      [Symbol(async_id_symbol)]: 9,
      [Symbol(kUniqueHeaders)]: null,
      [Symbol(http.server.connections)]: ConnectionsList {},
      [Symbol(http.server.connectionsCheckingInterval)]: Timeout {
        _idleTimeout: 30000,
        _idlePrev: [TimersList],
        _idleNext: [TimersList],
        _idleStart: 911,
        _onTimeout: [Function: bound checkConnections],
        _timerArgs: undefined,
        _repeat: 30000,
        _destroyed: false,
        [Symbol(refed)]: false,
        [Symbol(kHasPrimitive)]: false,
        [Symbol(asyncId)]: 11,
        [Symbol(triggerId)]: 10
      }
    },
    _server: Server {
      maxHeaderSize: undefined,
      insecureHTTPParser: undefined,
      requestTimeout: 300000,
      headersTimeout: 60000,
      keepAliveTimeout: 5000,
      connectionsCheckingInterval: 30000,
      joinDuplicateHeaders: undefined,
      rejectNonStandardBodyWrites: false,
      _events: [Object: null prototype],
      _eventsCount: 3,
      _maxListeners: undefined,
      _connections: 2,
      _handle: [TCP],
      _usingWorkers: false,
      _workers: [],
      _unref: false,
      allowHalfOpen: true,
      pauseOnConnect: false,
      noDelay: true,
      keepAlive: false,
      keepAliveInitialDelay: 0,
      highWaterMark: 16384,
      httpAllowHalfOpen: false,
      timeout: 0,
      maxHeadersCount: null,
      maxRequestsPerSocket: 0,
      _connectionKey: '4:0.0.0.0:3001',
      [Symbol(IncomingMessage)]: [Function: IncomingMessage],
      [Symbol(ServerResponse)]: [Function: ServerResponse],
      [Symbol(kCapture)]: false,
      [Symbol(async_id_symbol)]: 9,
      [Symbol(kUniqueHeaders)]: null,
      [Symbol(http.server.connections)]: ConnectionsList {},
      [Symbol(http.server.connectionsCheckingInterval)]: Timeout {
        _idleTimeout: 30000,
        _idlePrev: [TimersList],
        _idleNext: [TimersList],
        _idleStart: 911,
        _onTimeout: [Function: bound checkConnections],
        _timerArgs: undefined,
        _repeat: 30000,
        _destroyed: false,
        [Symbol(refed)]: false,
        [Symbol(kHasPrimitive)]: false,
        [Symbol(asyncId)]: 11,
        [Symbol(triggerId)]: 10
      }
    },
    parser: HTTPParser {
      '0': null,
      '1': [Function: parserOnHeaders],
      '2': [Function: parserOnHeadersComplete],
      '3': [Function: parserOnBody],
      '4': [Function: parserOnMessageComplete],
      '5': [Function: bound onParserExecute],
      '6': [Function: bound onParserTimeout],
      _headers: [],
      _url: '',
      socket: [Circular *1],
      incoming: [Circular *2],
      outgoing: null,
      maxHeaderPairs: 2000,
      _consumed: true,
      onIncoming: [Function: bound parserOnIncoming],
      joinDuplicateHeaders: null,
      [Symbol(resource_symbol)]: [HTTPServerAsyncResource]
    },
    on: [Function: socketListenerWrap],
    addListener: [Function: socketListenerWrap],
    prependListener: [Function: socketListenerWrap],
    setEncoding: [Function: socketSetEncoding],
    _paused: false,
    _httpMessage: ServerResponse {
      _events: [Object: null prototype],
      _eventsCount: 1,
      _maxListeners: undefined,
      outputData: [],
      outputSize: 0,
      writable: true,
      destroyed: false,
      _last: false,
      chunkedEncoding: false,
      shouldKeepAlive: true,
      maxRequestsOnConnectionReached: false,
      _defaultKeepAlive: true,
      useChunkedEncodingByDefault: true,
      sendDate: true,
      _removedConnection: false,
      _removedContLen: false,
      _removedTE: false,
      strictContentLength: false,
      _contentLength: null,
      _hasBody: false,
      _trailer: '',
      finished: false,
      _headerSent: false,
      _closed: false,
      socket: [Circular *1],
      _header: null,
      _keepAliveTimeout: 5000,
      _onPendingData: [Function: bound updateOutgoingData],
      req: [Circular *2],
      _sent100: false,
      _expect_continue: false,
      _maxRequestsPerSocket: 0,
      locals: [Object: null prototype] {},
      [Symbol(kCapture)]: false,
      [Symbol(kBytesWritten)]: 0,
      [Symbol(kNeedDrain)]: false,
      [Symbol(corked)]: 0,
      [Symbol(kOutHeaders)]: [Object: null prototype],
      [Symbol(errored)]: null,
      [Symbol(kHighWaterMark)]: 16384,
      [Symbol(kRejectNonStandardBodyWrites)]: false,
      [Symbol(kUniqueHeaders)]: null
    },
    [Symbol(async_id_symbol)]: 176,
    [Symbol(kHandle)]: TCP {
      reading: true,
      onconnection: null,
      _consumed: true,
      [Symbol(owner_symbol)]: [Circular *1]
    },
    [Symbol(lastWriteQueueSize)]: 0,
    [Symbol(timeout)]: null,
    [Symbol(kBuffer)]: null,
    [Symbol(kBufferCb)]: null,
    [Symbol(kBufferGen)]: null,
    [Symbol(kCapture)]: false,
    [Symbol(kSetNoDelay)]: true,
    [Symbol(kSetKeepAlive)]: false,
    [Symbol(kSetKeepAliveInitialDelay)]: 0,
    [Symbol(kBytesRead)]: 0,
    [Symbol(kBytesWritten)]: 0
  },
  _consuming: false,
  _dumped: false,
  next: [Function: next],
  baseUrl: '/docs',
  originalUrl: '/docs/',
  _parsedUrl: Url {
    protocol: null,
    slashes: null,
    auth: null,
    host: null,
    port: null,
    hostname: null,
    hash: null,
    search: null,
    query: null,
    pathname: '/docs/',
    path: '/docs/',
    href: '/docs/',
    _raw: '/docs/'
  },
  params: {},
  query: {},
  res: <ref *3> ServerResponse {
    _events: [Object: null prototype] { finish: [Function: bound resOnFinish] },
    _eventsCount: 1,
    _maxListeners: undefined,
    outputData: [],
    outputSize: 0,
    writable: true,
    destroyed: false,
    _last: false,
    chunkedEncoding: false,
    shouldKeepAlive: true,
    maxRequestsOnConnectionReached: false,
    _defaultKeepAlive: true,
    useChunkedEncodingByDefault: true,
    sendDate: true,
    _removedConnection: false,
    _removedContLen: false,
    _removedTE: false,
    strictContentLength: false,
    _contentLength: null,
    _hasBody: false,
    _trailer: '',
    finished: false,
    _headerSent: false,
    _closed: false,
    socket: <ref *1> Socket {
      connecting: false,
      _hadError: false,
      _parent: null,
      _host: null,
      _closeAfterHandlingError: false,
      _readableState: [ReadableState],
      _events: [Object: null prototype],
      _eventsCount: 8,
      _maxListeners: undefined,
      _writableState: [WritableState],
      allowHalfOpen: true,
      _sockname: null,
      _pendingData: null,
      _pendingEncoding: '',
      server: [Server],
      _server: [Server],
      parser: [HTTPParser],
      on: [Function: socketListenerWrap],
      addListener: [Function: socketListenerWrap],
      prependListener: [Function: socketListenerWrap],
      setEncoding: [Function: socketSetEncoding],
      _paused: false,
      _httpMessage: [Circular *3],
      [Symbol(async_id_symbol)]: 176,
      [Symbol(kHandle)]: [TCP],
      [Symbol(lastWriteQueueSize)]: 0,
      [Symbol(timeout)]: null,
      [Symbol(kBuffer)]: null,
      [Symbol(kBufferCb)]: null,
      [Symbol(kBufferGen)]: null,
      [Symbol(kCapture)]: false,
      [Symbol(kSetNoDelay)]: true,
      [Symbol(kSetKeepAlive)]: false,
      [Symbol(kSetKeepAliveInitialDelay)]: 0,
      [Symbol(kBytesRead)]: 0,
      [Symbol(kBytesWritten)]: 0
    },
    _header: null,
    _keepAliveTimeout: 5000,
    _onPendingData: [Function: bound updateOutgoingData],
    req: [Circular *2],
    _sent100: false,
    _expect_continue: false,
    _maxRequestsPerSocket: 0,
    locals: [Object: null prototype] {},
    [Symbol(kCapture)]: false,
    [Symbol(kBytesWritten)]: 0,
    [Symbol(kNeedDrain)]: false,
    [Symbol(corked)]: 0,
    [Symbol(kOutHeaders)]: [Object: null prototype] {
      'x-powered-by': [Array],
      'access-control-allow-origin': [Array]
    },
    [Symbol(errored)]: null,
    [Symbol(kHighWaterMark)]: 16384,
    [Symbol(kRejectNonStandardBodyWrites)]: false,
    [Symbol(kUniqueHeaders)]: null
  },
  _parsedOriginalUrl: Url {
    protocol: null,
    slashes: null,
    auth: null,
    host: null,
    port: null,
    hostname: null,
    hash: null,
    search: null,
    query: null,
    pathname: '/docs/',
    path: '/docs/',
    href: '/docs/',
    _raw: '/docs/'
  },
  [Symbol(kCapture)]: false,
  [Symbol(kHeaders)]: {
    connection: 'upgrade',
    host: 'vscode-internal-847-dev.dev01.cloud.kavia.ai',
    'x-real-ip': '10.1.6.141',
    'x-forwarded-for': '181.26.17.105',
    'x-forwarded-proto': 'https',
    'x-forwarded-port': '3001',
    'x-amzn-trace-id': 'Root=1-6862efd8-6d0b480934f1a38279d189c7',
    pragma: 'no-cache',
    'cache-control': 'no-cache',
    'sec-ch-ua-platform': '"Linux"',
    'user-agent': 'Mozilla/5.0 (X11; Linux x86_64) AppleWebKit/537.36 (KHTML, like Gecko) Chrome/137.0.0.0 Safari/537.36',
    'sec-ch-ua': '"Brave";v="137", "Chromium";v="137", "Not/A)Brand";v="24"',
    'sec-ch-ua-mobile': '?0',
    accept: '*/*',
    'sec-gpc': '1',
    'accept-language': 'en-US,en;q=0.7',
    origin: 'https://dev.cloud.kavia.ai',
    'sec-fetch-site': 'same-site',
    'sec-fetch-mode': 'cors',
    'sec-fetch-dest': 'empty',
    referer: 'https://dev.cloud.kavia.ai/',
    'accept-encoding': 'gzip, deflate, br, zstd',
    priority: 'u=1, i'
  },
  [Symbol(kHeadersCount)]: 46,
  [Symbol(kTrailers)]: null,
  [Symbol(kTrailersCount)]: 0
}
<ref *2> IncomingMessage {
  _readableState: ReadableState {
    state: 137266,
    highWaterMark: 16384,
    buffer: BufferList { head: null, tail: null, length: 0 },
    length: 0,
    pipes: [],
    flowing: null,
    errored: null,
    defaultEncoding: 'utf8',
    awaitDrainWriters: null,
    decoder: null,
    encoding: null,
    [Symbol(kPaused)]: null
  },
  _events: [Object: null prototype] {},
  _eventsCount: 0,
  _maxListeners: undefined,
  socket: <ref *1> Socket {
    connecting: false,
    _hadError: false,
    _parent: null,
    _host: null,
    _closeAfterHandlingError: false,
    _readableState: ReadableState {
      state: 4184,
      highWaterMark: 16384,
      buffer: BufferList { head: null, tail: null, length: 0 },
      length: 0,
      pipes: [],
      flowing: true,
      errored: null,
      defaultEncoding: 'utf8',
      awaitDrainWriters: null,
      decoder: null,
      encoding: null,
      [Symbol(kPaused)]: false
    },
    _events: [Object: null prototype] {
      end: [Array],
      timeout: [Function: socketOnTimeout],
      data: [Function: bound socketOnData],
      error: [Function: socketOnError],
      close: [Array],
      drain: [Function: bound socketOnDrain],
      resume: [Function: onSocketResume],
      pause: [Function: onSocketPause]
    },
    _eventsCount: 8,
    _maxListeners: undefined,
    _writableState: WritableState {
      objectMode: false,
      highWaterMark: 16384,
      finalCalled: false,
      needDrain: false,
      ending: false,
      ended: false,
      finished: false,
      destroyed: false,
      decodeStrings: false,
      defaultEncoding: 'utf8',
      length: 0,
      writing: false,
      corked: 0,
      sync: true,
      bufferProcessing: false,
      onwrite: [Function: bound onwrite],
      writecb: null,
      writelen: 0,
      afterWriteTickInfo: null,
      buffered: [],
      bufferedIndex: 0,
      allBuffers: true,
      allNoop: true,
      pendingcb: 0,
      constructed: true,
      prefinished: false,
      errorEmitted: false,
      emitClose: false,
      autoDestroy: true,
      errored: null,
      closed: false,
      closeEmitted: false,
      [Symbol(kOnFinished)]: []
    },
    allowHalfOpen: true,
    _sockname: null,
    _pendingData: null,
    _pendingEncoding: '',
    server: Server {
      maxHeaderSize: undefined,
      insecureHTTPParser: undefined,
      requestTimeout: 300000,
      headersTimeout: 60000,
      keepAliveTimeout: 5000,
      connectionsCheckingInterval: 30000,
      joinDuplicateHeaders: undefined,
      rejectNonStandardBodyWrites: false,
      _events: [Object: null prototype],
      _eventsCount: 3,
      _maxListeners: undefined,
      _connections: 2,
      _handle: [TCP],
      _usingWorkers: false,
      _workers: [],
      _unref: false,
      allowHalfOpen: true,
      pauseOnConnect: false,
      noDelay: true,
      keepAlive: false,
      keepAliveInitialDelay: 0,
      highWaterMark: 16384,
      httpAllowHalfOpen: false,
      timeout: 0,
      maxHeadersCount: null,
      maxRequestsPerSocket: 0,
      _connectionKey: '4:0.0.0.0:3001',
      [Symbol(IncomingMessage)]: [Function: IncomingMessage],
      [Symbol(ServerResponse)]: [Function: ServerResponse],
      [Symbol(kCapture)]: false,
      [Symbol(async_id_symbol)]: 9,
      [Symbol(kUniqueHeaders)]: null,
      [Symbol(http.server.connections)]: ConnectionsList {},
      [Symbol(http.server.connectionsCheckingInterval)]: Timeout {
        _idleTimeout: 30000,
        _idlePrev: [TimersList],
        _idleNext: [TimersList],
        _idleStart: 911,
        _onTimeout: [Function: bound checkConnections],
        _timerArgs: undefined,
        _repeat: 30000,
        _destroyed: false,
        [Symbol(refed)]: false,
        [Symbol(kHasPrimitive)]: false,
        [Symbol(asyncId)]: 11,
        [Symbol(triggerId)]: 10
      }
    },
    _server: Server {
      maxHeaderSize: undefined,
      insecureHTTPParser: undefined,
      requestTimeout: 300000,
      headersTimeout: 60000,
      keepAliveTimeout: 5000,
      connectionsCheckingInterval: 30000,
      joinDuplicateHeaders: undefined,
      rejectNonStandardBodyWrites: false,
      _events: [Object: null prototype],
      _eventsCount: 3,
      _maxListeners: undefined,
      _connections: 2,
      _handle: [TCP],
      _usingWorkers: false,
      _workers: [],
      _unref: false,
      allowHalfOpen: true,
      pauseOnConnect: false,
      noDelay: true,
      keepAlive: false,
      keepAliveInitialDelay: 0,
      highWaterMark: 16384,
      httpAllowHalfOpen: false,
      timeout: 0,
      maxHeadersCount: null,
      maxRequestsPerSocket: 0,
      _connectionKey: '4:0.0.0.0:3001',
      [Symbol(IncomingMessage)]: [Function: IncomingMessage],
      [Symbol(ServerResponse)]: [Function: ServerResponse],
      [Symbol(kCapture)]: false,
      [Symbol(async_id_symbol)]: 9,
      [Symbol(kUniqueHeaders)]: null,
      [Symbol(http.server.connections)]: ConnectionsList {},
      [Symbol(http.server.connectionsCheckingInterval)]: Timeout {
        _idleTimeout: 30000,
        _idlePrev: [TimersList],
        _idleNext: [TimersList],
        _idleStart: 911,
        _onTimeout: [Function: bound checkConnections],
        _timerArgs: undefined,
        _repeat: 30000,
        _destroyed: false,
        [Symbol(refed)]: false,
        [Symbol(kHasPrimitive)]: false,
        [Symbol(asyncId)]: 11,
        [Symbol(triggerId)]: 10
      }
    },
    parser: HTTPParser {
      '0': null,
      '1': [Function: parserOnHeaders],
      '2': [Function: parserOnHeadersComplete],
      '3': [Function: parserOnBody],
      '4': [Function: parserOnMessageComplete],
      '5': [Function: bound onParserExecute],
      '6': [Function: bound onParserTimeout],
      _headers: [],
      _url: '',
      socket: [Circular *1],
      incoming: [Circular *2],
      outgoing: null,
      maxHeaderPairs: 2000,
      _consumed: true,
      onIncoming: [Function: bound parserOnIncoming],
      joinDuplicateHeaders: null,
      [Symbol(resource_symbol)]: [HTTPServerAsyncResource]
    },
    on: [Function: socketListenerWrap],
    addListener: [Function: socketListenerWrap],
    prependListener: [Function: socketListenerWrap],
    setEncoding: [Function: socketSetEncoding],
    _paused: false,
    _httpMessage: ServerResponse {
      _events: [Object: null prototype],
      _eventsCount: 1,
      _maxListeners: undefined,
      outputData: [],
      outputSize: 0,
      writable: true,
      destroyed: false,
      _last: false,
      chunkedEncoding: false,
      shouldKeepAlive: true,
      maxRequestsOnConnectionReached: false,
      _defaultKeepAlive: true,
      useChunkedEncodingByDefault: true,
      sendDate: true,
      _removedConnection: false,
      _removedContLen: false,
      _removedTE: false,
      strictContentLength: false,
      _contentLength: null,
      _hasBody: false,
      _trailer: '',
      finished: false,
      _headerSent: false,
      _closed: false,
      socket: [Circular *1],
      _header: null,
      _keepAliveTimeout: 5000,
      _onPendingData: [Function: bound updateOutgoingData],
      req: [Circular *2],
      _sent100: false,
      _expect_continue: false,
      _maxRequestsPerSocket: 0,
      locals: [Object: null prototype] {},
      [Symbol(kCapture)]: false,
      [Symbol(kBytesWritten)]: 0,
      [Symbol(kNeedDrain)]: false,
      [Symbol(corked)]: 0,
      [Symbol(kOutHeaders)]: [Object: null prototype],
      [Symbol(errored)]: null,
      [Symbol(kHighWaterMark)]: 16384,
      [Symbol(kRejectNonStandardBodyWrites)]: false,
      [Symbol(kUniqueHeaders)]: null
    },
    [Symbol(async_id_symbol)]: 254,
    [Symbol(kHandle)]: TCP {
      reading: true,
      onconnection: null,
      _consumed: true,
      [Symbol(owner_symbol)]: [Circular *1]
    },
    [Symbol(lastWriteQueueSize)]: 0,
    [Symbol(timeout)]: null,
    [Symbol(kBuffer)]: null,
    [Symbol(kBufferCb)]: null,
    [Symbol(kBufferGen)]: null,
    [Symbol(kCapture)]: false,
    [Symbol(kSetNoDelay)]: true,
    [Symbol(kSetKeepAlive)]: false,
    [Symbol(kSetKeepAliveInitialDelay)]: 0,
    [Symbol(kBytesRead)]: 0,
    [Symbol(kBytesWritten)]: 0
  },
  httpVersionMajor: 1,
  httpVersionMinor: 1,
  httpVersion: '1.1',
  complete: true,
  rawHeaders: [
    'Connection',
    'upgrade',
    'Host',
    'vscode-internal-847-dev.dev01.cloud.kavia.ai',
    'X-Real-IP',
    '10.1.6.141',
    'X-Forwarded-For',
    '181.26.17.105',
    'X-Forwarded-Proto',
    'https',
    'X-Forwarded-Port',
    '3001',
    'X-Amzn-Trace-Id',
    'Root=1-6862efd8-6415bac46c8558a84a6036eb',
    'pragma',
    'no-cache',
    'cache-control',
    'no-cache',
    'sec-ch-ua-platform',
    '"Linux"',
    'user-agent',
    'Mozilla/5.0 (X11; Linux x86_64) AppleWebKit/537.36 (KHTML, like Gecko) Chrome/137.0.0.0 Safari/537.36',
    'sec-ch-ua',
    '"Brave";v="137", "Chromium";v="137", "Not/A)Brand";v="24"',
    'sec-ch-ua-mobile',
    '?0',
    'accept',
    '*/*',
    'sec-gpc',
    '1',
    'accept-language',
    'en-US,en;q=0.7',
    'origin',
    'https://dev.cloud.kavia.ai',
    'sec-fetch-site',
    'same-site',
    'sec-fetch-mode',
    'cors',
    'sec-fetch-dest',
    'empty',
    'referer',
    'https://dev.cloud.kavia.ai/',
    'accept-encoding',
    'gzip, deflate, br, zstd',
    'priority',
    'u=1, i'
  ],
  rawTrailers: [],
  joinDuplicateHeaders: null,
  aborted: false,
  upgrade: false,
  url: '/',
  method: 'HEAD',
  statusCode: null,
  statusMessage: null,
  client: <ref *1> Socket {
    connecting: false,
    _hadError: false,
    _parent: null,
    _host: null,
    _closeAfterHandlingError: false,
    _readableState: ReadableState {
      state: 4184,
      highWaterMark: 16384,
      buffer: BufferList { head: null, tail: null, length: 0 },
      length: 0,
      pipes: [],
      flowing: true,
      errored: null,
      defaultEncoding: 'utf8',
      awaitDrainWriters: null,
      decoder: null,
      encoding: null,
      [Symbol(kPaused)]: false
    },
    _events: [Object: null prototype] {
      end: [Array],
      timeout: [Function: socketOnTimeout],
      data: [Function: bound socketOnData],
      error: [Function: socketOnError],
      close: [Array],
      drain: [Function: bound socketOnDrain],
      resume: [Function: onSocketResume],
      pause: [Function: onSocketPause]
    },
    _eventsCount: 8,
    _maxListeners: undefined,
    _writableState: WritableState {
      objectMode: false,
      highWaterMark: 16384,
      finalCalled: false,
      needDrain: false,
      ending: false,
      ended: false,
      finished: false,
      destroyed: false,
      decodeStrings: false,
      defaultEncoding: 'utf8',
      length: 0,
      writing: false,
      corked: 0,
      sync: true,
      bufferProcessing: false,
      onwrite: [Function: bound onwrite],
      writecb: null,
      writelen: 0,
      afterWriteTickInfo: null,
      buffered: [],
      bufferedIndex: 0,
      allBuffers: true,
      allNoop: true,
      pendingcb: 0,
      constructed: true,
      prefinished: false,
      errorEmitted: false,
      emitClose: false,
      autoDestroy: true,
      errored: null,
      closed: false,
      closeEmitted: false,
      [Symbol(kOnFinished)]: []
    },
    allowHalfOpen: true,
    _sockname: null,
    _pendingData: null,
    _pendingEncoding: '',
    server: Server {
      maxHeaderSize: undefined,
      insecureHTTPParser: undefined,
      requestTimeout: 300000,
      headersTimeout: 60000,
      keepAliveTimeout: 5000,
      connectionsCheckingInterval: 30000,
      joinDuplicateHeaders: undefined,
      rejectNonStandardBodyWrites: false,
      _events: [Object: null prototype],
      _eventsCount: 3,
      _maxListeners: undefined,
      _connections: 2,
      _handle: [TCP],
      _usingWorkers: false,
      _workers: [],
      _unref: false,
      allowHalfOpen: true,
      pauseOnConnect: false,
      noDelay: true,
      keepAlive: false,
      keepAliveInitialDelay: 0,
      highWaterMark: 16384,
      httpAllowHalfOpen: false,
      timeout: 0,
      maxHeadersCount: null,
      maxRequestsPerSocket: 0,
      _connectionKey: '4:0.0.0.0:3001',
      [Symbol(IncomingMessage)]: [Function: IncomingMessage],
      [Symbol(ServerResponse)]: [Function: ServerResponse],
      [Symbol(kCapture)]: false,
      [Symbol(async_id_symbol)]: 9,
      [Symbol(kUniqueHeaders)]: null,
      [Symbol(http.server.connections)]: ConnectionsList {},
      [Symbol(http.server.connectionsCheckingInterval)]: Timeout {
        _idleTimeout: 30000,
        _idlePrev: [TimersList],
        _idleNext: [TimersList],
        _idleStart: 911,
        _onTimeout: [Function: bound checkConnections],
        _timerArgs: undefined,
        _repeat: 30000,
        _destroyed: false,
        [Symbol(refed)]: false,
        [Symbol(kHasPrimitive)]: false,
        [Symbol(asyncId)]: 11,
        [Symbol(triggerId)]: 10
      }
    },
    _server: Server {
      maxHeaderSize: undefined,
      insecureHTTPParser: undefined,
      requestTimeout: 300000,
      headersTimeout: 60000,
      keepAliveTimeout: 5000,
      connectionsCheckingInterval: 30000,
      joinDuplicateHeaders: undefined,
      rejectNonStandardBodyWrites: false,
      _events: [Object: null prototype],
      _eventsCount: 3,
      _maxListeners: undefined,
      _connections: 2,
      _handle: [TCP],
      _usingWorkers: false,
      _workers: [],
      _unref: false,
      allowHalfOpen: true,
      pauseOnConnect: false,
      noDelay: true,
      keepAlive: false,
      keepAliveInitialDelay: 0,
      highWaterMark: 16384,
      httpAllowHalfOpen: false,
      timeout: 0,
      maxHeadersCount: null,
      maxRequestsPerSocket: 0,
      _connectionKey: '4:0.0.0.0:3001',
      [Symbol(IncomingMessage)]: [Function: IncomingMessage],
      [Symbol(ServerResponse)]: [Function: ServerResponse],
      [Symbol(kCapture)]: false,
      [Symbol(async_id_symbol)]: 9,
      [Symbol(kUniqueHeaders)]: null,
      [Symbol(http.server.connections)]: ConnectionsList {},
      [Symbol(http.server.connectionsCheckingInterval)]: Timeout {
        _idleTimeout: 30000,
        _idlePrev: [TimersList],
        _idleNext: [TimersList],
        _idleStart: 911,
        _onTimeout: [Function: bound checkConnections],
        _timerArgs: undefined,
        _repeat: 30000,
        _destroyed: false,
        [Symbol(refed)]: false,
        [Symbol(kHasPrimitive)]: false,
        [Symbol(asyncId)]: 11,
        [Symbol(triggerId)]: 10
      }
    },
    parser: HTTPParser {
      '0': null,
      '1': [Function: parserOnHeaders],
      '2': [Function: parserOnHeadersComplete],
      '3': [Function: parserOnBody],
      '4': [Function: parserOnMessageComplete],
      '5': [Function: bound onParserExecute],
      '6': [Function: bound onParserTimeout],
      _headers: [],
      _url: '',
      socket: [Circular *1],
      incoming: [Circular *2],
      outgoing: null,
      maxHeaderPairs: 2000,
      _consumed: true,
      onIncoming: [Function: bound parserOnIncoming],
      joinDuplicateHeaders: null,
      [Symbol(resource_symbol)]: [HTTPServerAsyncResource]
    },
    on: [Function: socketListenerWrap],
    addListener: [Function: socketListenerWrap],
    prependListener: [Function: socketListenerWrap],
    setEncoding: [Function: socketSetEncoding],
    _paused: false,
    _httpMessage: ServerResponse {
      _events: [Object: null prototype],
      _eventsCount: 1,
      _maxListeners: undefined,
      outputData: [],
      outputSize: 0,
      writable: true,
      destroyed: false,
      _last: false,
      chunkedEncoding: false,
      shouldKeepAlive: true,
      maxRequestsOnConnectionReached: false,
      _defaultKeepAlive: true,
      useChunkedEncodingByDefault: true,
      sendDate: true,
      _removedConnection: false,
      _removedContLen: false,
      _removedTE: false,
      strictContentLength: false,
      _contentLength: null,
      _hasBody: false,
      _trailer: '',
      finished: false,
      _headerSent: false,
      _closed: false,
      socket: [Circular *1],
      _header: null,
      _keepAliveTimeout: 5000,
      _onPendingData: [Function: bound updateOutgoingData],
      req: [Circular *2],
      _sent100: false,
      _expect_continue: false,
      _maxRequestsPerSocket: 0,
      locals: [Object: null prototype] {},
      [Symbol(kCapture)]: false,
      [Symbol(kBytesWritten)]: 0,
      [Symbol(kNeedDrain)]: false,
      [Symbol(corked)]: 0,
      [Symbol(kOutHeaders)]: [Object: null prototype],
      [Symbol(errored)]: null,
      [Symbol(kHighWaterMark)]: 16384,
      [Symbol(kRejectNonStandardBodyWrites)]: false,
      [Symbol(kUniqueHeaders)]: null
    },
    [Symbol(async_id_symbol)]: 254,
    [Symbol(kHandle)]: TCP {
      reading: true,
      onconnection: null,
      _consumed: true,
      [Symbol(owner_symbol)]: [Circular *1]
    },
    [Symbol(lastWriteQueueSize)]: 0,
    [Symbol(timeout)]: null,
    [Symbol(kBuffer)]: null,
    [Symbol(kBufferCb)]: null,
    [Symbol(kBufferGen)]: null,
    [Symbol(kCapture)]: false,
    [Symbol(kSetNoDelay)]: true,
    [Symbol(kSetKeepAlive)]: false,
    [Symbol(kSetKeepAliveInitialDelay)]: 0,
    [Symbol(kBytesRead)]: 0,
    [Symbol(kBytesWritten)]: 0
  },
  _consuming: false,
  _dumped: false,
  next: [Function: next],
  baseUrl: '/docs',
  originalUrl: '/docs/',
  _parsedUrl: Url {
    protocol: null,
    slashes: null,
    auth: null,
    host: null,
    port: null,
    hostname: null,
    hash: null,
    search: null,
    query: null,
    pathname: '/docs/',
    path: '/docs/',
    href: '/docs/',
    _raw: '/docs/'
  },
  params: {},
  query: {},
  res: <ref *3> ServerResponse {
    _events: [Object: null prototype] { finish: [Function: bound resOnFinish] },
    _eventsCount: 1,
    _maxListeners: undefined,
    outputData: [],
    outputSize: 0,
    writable: true,
    destroyed: false,
    _last: false,
    chunkedEncoding: false,
    shouldKeepAlive: true,
    maxRequestsOnConnectionReached: false,
    _defaultKeepAlive: true,
    useChunkedEncodingByDefault: true,
    sendDate: true,
    _removedConnection: false,
    _removedContLen: false,
    _removedTE: false,
    strictContentLength: false,
    _contentLength: null,
    _hasBody: false,
    _trailer: '',
    finished: false,
    _headerSent: false,
    _closed: false,
    socket: <ref *1> Socket {
      connecting: false,
      _hadError: false,
      _parent: null,
      _host: null,
      _closeAfterHandlingError: false,
      _readableState: [ReadableState],
      _events: [Object: null prototype],
      _eventsCount: 8,
      _maxListeners: undefined,
      _writableState: [WritableState],
      allowHalfOpen: true,
      _sockname: null,
      _pendingData: null,
      _pendingEncoding: '',
      server: [Server],
      _server: [Server],
      parser: [HTTPParser],
      on: [Function: socketListenerWrap],
      addListener: [Function: socketListenerWrap],
      prependListener: [Function: socketListenerWrap],
      setEncoding: [Function: socketSetEncoding],
      _paused: false,
      _httpMessage: [Circular *3],
      [Symbol(async_id_symbol)]: 254,
      [Symbol(kHandle)]: [TCP],
      [Symbol(lastWriteQueueSize)]: 0,
      [Symbol(timeout)]: null,
      [Symbol(kBuffer)]: null,
      [Symbol(kBufferCb)]: null,
      [Symbol(kBufferGen)]: null,
      [Symbol(kCapture)]: false,
      [Symbol(kSetNoDelay)]: true,
      [Symbol(kSetKeepAlive)]: false,
      [Symbol(kSetKeepAliveInitialDelay)]: 0,
      [Symbol(kBytesRead)]: 0,
      [Symbol(kBytesWritten)]: 0
    },
    _header: null,
    _keepAliveTimeout: 5000,
    _onPendingData: [Function: bound updateOutgoingData],
    req: [Circular *2],
    _sent100: false,
    _expect_continue: false,
    _maxRequestsPerSocket: 0,
    locals: [Object: null prototype] {},
    [Symbol(kCapture)]: false,
    [Symbol(kBytesWritten)]: 0,
    [Symbol(kNeedDrain)]: false,
    [Symbol(corked)]: 0,
    [Symbol(kOutHeaders)]: [Object: null prototype] {
      'x-powered-by': [Array],
      'access-control-allow-origin': [Array]
    },
    [Symbol(errored)]: null,
    [Symbol(kHighWaterMark)]: 16384,
    [Symbol(kRejectNonStandardBodyWrites)]: false,
    [Symbol(kUniqueHeaders)]: null
  },
  _parsedOriginalUrl: Url {
    protocol: null,
    slashes: null,
    auth: null,
    host: null,
    port: null,
    hostname: null,
    hash: null,
    search: null,
    query: null,
    pathname: '/docs/',
    path: '/docs/',
    href: '/docs/',
    _raw: '/docs/'
  },
  [Symbol(kCapture)]: false,
  [Symbol(kHeaders)]: {
    connection: 'upgrade',
    host: 'vscode-internal-847-dev.dev01.cloud.kavia.ai',
    'x-real-ip': '10.1.6.141',
    'x-forwarded-for': '181.26.17.105',
    'x-forwarded-proto': 'https',
    'x-forwarded-port': '3001',
    'x-amzn-trace-id': 'Root=1-6862efd8-6415bac46c8558a84a6036eb',
    pragma: 'no-cache',
    'cache-control': 'no-cache',
    'sec-ch-ua-platform': '"Linux"',
    'user-agent': 'Mozilla/5.0 (X11; Linux x86_64) AppleWebKit/537.36 (KHTML, like Gecko) Chrome/137.0.0.0 Safari/537.36',
    'sec-ch-ua': '"Brave";v="137", "Chromium";v="137", "Not/A)Brand";v="24"',
    'sec-ch-ua-mobile': '?0',
    accept: '*/*',
    'sec-gpc': '1',
    'accept-language': 'en-US,en;q=0.7',
    origin: 'https://dev.cloud.kavia.ai',
    'sec-fetch-site': 'same-site',
    'sec-fetch-mode': 'cors',
    'sec-fetch-dest': 'empty',
    referer: 'https://dev.cloud.kavia.ai/',
    'accept-encoding': 'gzip, deflate, br, zstd',
    priority: 'u=1, i'
  },
  [Symbol(kHeadersCount)]: 46,
  [Symbol(kTrailers)]: null,
  [Symbol(kTrailersCount)]: 0
}
<ref *2> IncomingMessage {
  _readableState: ReadableState {
    state: 137266,
    highWaterMark: 16384,
    buffer: BufferList { head: null, tail: null, length: 0 },
    length: 0,
    pipes: [],
    flowing: null,
    errored: null,
    defaultEncoding: 'utf8',
    awaitDrainWriters: null,
    decoder: null,
    encoding: null,
    [Symbol(kPaused)]: null
  },
  _events: [Object: null prototype] {},
  _eventsCount: 0,
  _maxListeners: undefined,
  socket: <ref *1> Socket {
    connecting: false,
    _hadError: false,
    _parent: null,
    _host: null,
    _closeAfterHandlingError: false,
    _readableState: ReadableState {
      state: 4184,
      highWaterMark: 16384,
      buffer: BufferList { head: null, tail: null, length: 0 },
      length: 0,
      pipes: [],
      flowing: true,
      errored: null,
      defaultEncoding: 'utf8',
      awaitDrainWriters: null,
      decoder: null,
      encoding: null,
      [Symbol(kPaused)]: false
    },
    _events: [Object: null prototype] {
      end: [Array],
      timeout: [Function: socketOnTimeout],
      data: [Function: bound socketOnData],
      error: [Function: socketOnError],
      close: [Array],
      drain: [Function: bound socketOnDrain],
      resume: [Function: onSocketResume],
      pause: [Function: onSocketPause]
    },
    _eventsCount: 8,
    _maxListeners: undefined,
    _writableState: WritableState {
      objectMode: false,
      highWaterMark: 16384,
      finalCalled: false,
      needDrain: false,
      ending: false,
      ended: false,
      finished: false,
      destroyed: false,
      decodeStrings: false,
      defaultEncoding: 'utf8',
      length: 0,
      writing: false,
      corked: 0,
      sync: true,
      bufferProcessing: false,
      onwrite: [Function: bound onwrite],
      writecb: null,
      writelen: 0,
      afterWriteTickInfo: null,
      buffered: [],
      bufferedIndex: 0,
      allBuffers: true,
      allNoop: true,
      pendingcb: 0,
      constructed: true,
      prefinished: false,
      errorEmitted: false,
      emitClose: false,
      autoDestroy: true,
      errored: null,
      closed: false,
      closeEmitted: false,
      [Symbol(kOnFinished)]: []
    },
    allowHalfOpen: true,
    _sockname: null,
    _pendingData: null,
    _pendingEncoding: '',
    server: Server {
      maxHeaderSize: undefined,
      insecureHTTPParser: undefined,
      requestTimeout: 300000,
      headersTimeout: 60000,
      keepAliveTimeout: 5000,
      connectionsCheckingInterval: 30000,
      joinDuplicateHeaders: undefined,
      rejectNonStandardBodyWrites: false,
      _events: [Object: null prototype],
      _eventsCount: 3,
      _maxListeners: undefined,
      _connections: 2,
      _handle: [TCP],
      _usingWorkers: false,
      _workers: [],
      _unref: false,
      allowHalfOpen: true,
      pauseOnConnect: false,
      noDelay: true,
      keepAlive: false,
      keepAliveInitialDelay: 0,
      highWaterMark: 16384,
      httpAllowHalfOpen: false,
      timeout: 0,
      maxHeadersCount: null,
      maxRequestsPerSocket: 0,
      _connectionKey: '4:0.0.0.0:3001',
      [Symbol(IncomingMessage)]: [Function: IncomingMessage],
      [Symbol(ServerResponse)]: [Function: ServerResponse],
      [Symbol(kCapture)]: false,
      [Symbol(async_id_symbol)]: 9,
      [Symbol(kUniqueHeaders)]: null,
      [Symbol(http.server.connections)]: ConnectionsList {},
      [Symbol(http.server.connectionsCheckingInterval)]: Timeout {
        _idleTimeout: 30000,
        _idlePrev: [TimersList],
        _idleNext: [TimersList],
        _idleStart: 911,
        _onTimeout: [Function: bound checkConnections],
        _timerArgs: undefined,
        _repeat: 30000,
        _destroyed: false,
        [Symbol(refed)]: false,
        [Symbol(kHasPrimitive)]: false,
        [Symbol(asyncId)]: 11,
        [Symbol(triggerId)]: 10
      }
    },
    _server: Server {
      maxHeaderSize: undefined,
      insecureHTTPParser: undefined,
      requestTimeout: 300000,
      headersTimeout: 60000,
      keepAliveTimeout: 5000,
      connectionsCheckingInterval: 30000,
      joinDuplicateHeaders: undefined,
      rejectNonStandardBodyWrites: false,
      _events: [Object: null prototype],
      _eventsCount: 3,
      _maxListeners: undefined,
      _connections: 2,
      _handle: [TCP],
      _usingWorkers: false,
      _workers: [],
      _unref: false,
      allowHalfOpen: true,
      pauseOnConnect: false,
      noDelay: true,
      keepAlive: false,
      keepAliveInitialDelay: 0,
      highWaterMark: 16384,
      httpAllowHalfOpen: false,
      timeout: 0,
      maxHeadersCount: null,
      maxRequestsPerSocket: 0,
      _connectionKey: '4:0.0.0.0:3001',
      [Symbol(IncomingMessage)]: [Function: IncomingMessage],
      [Symbol(ServerResponse)]: [Function: ServerResponse],
      [Symbol(kCapture)]: false,
      [Symbol(async_id_symbol)]: 9,
      [Symbol(kUniqueHeaders)]: null,
      [Symbol(http.server.connections)]: ConnectionsList {},
      [Symbol(http.server.connectionsCheckingInterval)]: Timeout {
        _idleTimeout: 30000,
        _idlePrev: [TimersList],
        _idleNext: [TimersList],
        _idleStart: 911,
        _onTimeout: [Function: bound checkConnections],
        _timerArgs: undefined,
        _repeat: 30000,
        _destroyed: false,
        [Symbol(refed)]: false,
        [Symbol(kHasPrimitive)]: false,
        [Symbol(asyncId)]: 11,
        [Symbol(triggerId)]: 10
      }
    },
    parser: HTTPParser {
      '0': null,
      '1': [Function: parserOnHeaders],
      '2': [Function: parserOnHeadersComplete],
      '3': [Function: parserOnBody],
      '4': [Function: parserOnMessageComplete],
      '5': [Function: bound onParserExecute],
      '6': [Function: bound onParserTimeout],
      _headers: [],
      _url: '',
      socket: [Circular *1],
      incoming: [Circular *2],
      outgoing: null,
      maxHeaderPairs: 2000,
      _consumed: true,
      onIncoming: [Function: bound parserOnIncoming],
      joinDuplicateHeaders: null,
      [Symbol(resource_symbol)]: [HTTPServerAsyncResource]
    },
    on: [Function: socketListenerWrap],
    addListener: [Function: socketListenerWrap],
    prependListener: [Function: socketListenerWrap],
    setEncoding: [Function: socketSetEncoding],
    _paused: false,
    _httpMessage: ServerResponse {
      _events: [Object: null prototype],
      _eventsCount: 1,
      _maxListeners: undefined,
      outputData: [],
      outputSize: 0,
      writable: true,
      destroyed: false,
      _last: false,
      chunkedEncoding: false,
      shouldKeepAlive: true,
      maxRequestsOnConnectionReached: false,
      _defaultKeepAlive: true,
      useChunkedEncodingByDefault: true,
      sendDate: true,
      _removedConnection: false,
      _removedContLen: false,
      _removedTE: false,
      strictContentLength: false,
      _contentLength: null,
      _hasBody: false,
      _trailer: '',
      finished: false,
      _headerSent: false,
      _closed: false,
      socket: [Circular *1],
      _header: null,
      _keepAliveTimeout: 5000,
      _onPendingData: [Function: bound updateOutgoingData],
      req: [Circular *2],
      _sent100: false,
      _expect_continue: false,
      _maxRequestsPerSocket: 0,
      locals: [Object: null prototype] {},
      [Symbol(kCapture)]: false,
      [Symbol(kBytesWritten)]: 0,
      [Symbol(kNeedDrain)]: false,
      [Symbol(corked)]: 0,
      [Symbol(kOutHeaders)]: [Object: null prototype],
      [Symbol(errored)]: null,
      [Symbol(kHighWaterMark)]: 16384,
      [Symbol(kRejectNonStandardBodyWrites)]: false,
      [Symbol(kUniqueHeaders)]: null
    },
    [Symbol(async_id_symbol)]: 257,
    [Symbol(kHandle)]: TCP {
      reading: true,
      onconnection: null,
      _consumed: true,
      [Symbol(owner_symbol)]: [Circular *1]
    },
    [Symbol(lastWriteQueueSize)]: 0,
    [Symbol(timeout)]: null,
    [Symbol(kBuffer)]: null,
    [Symbol(kBufferCb)]: null,
    [Symbol(kBufferGen)]: null,
    [Symbol(kCapture)]: false,
    [Symbol(kSetNoDelay)]: true,
    [Symbol(kSetKeepAlive)]: false,
    [Symbol(kSetKeepAliveInitialDelay)]: 0,
    [Symbol(kBytesRead)]: 0,
    [Symbol(kBytesWritten)]: 0
  },
  httpVersionMajor: 1,
  httpVersionMinor: 1,
  httpVersion: '1.1',
  complete: true,
  rawHeaders: [
    'Connection',
    'upgrade',
    'Host',
    'vscode-internal-847-dev.dev01.cloud.kavia.ai',
    'X-Real-IP',
    '10.1.6.141',
    'X-Forwarded-For',
    '181.26.17.105',
    'X-Forwarded-Proto',
    'https',
    'X-Forwarded-Port',
    '3001',
    'X-Amzn-Trace-Id',
    'Root=1-6862efd8-1caea90e2ee6ab9d166f8ee3',
    'pragma',
    'no-cache',
    'cache-control',
    'no-cache',
    'sec-ch-ua-platform',
    '"Linux"',
    'user-agent',
    'Mozilla/5.0 (X11; Linux x86_64) AppleWebKit/537.36 (KHTML, like Gecko) Chrome/137.0.0.0 Safari/537.36',
    'sec-ch-ua',
    '"Brave";v="137", "Chromium";v="137", "Not/A)Brand";v="24"',
    'sec-ch-ua-mobile',
    '?0',
    'accept',
    '*/*',
    'sec-gpc',
    '1',
    'accept-language',
    'en-US,en;q=0.7',
    'origin',
    'https://dev.cloud.kavia.ai',
    'sec-fetch-site',
    'same-site',
    'sec-fetch-mode',
    'cors',
    'sec-fetch-dest',
    'empty',
    'referer',
    'https://dev.cloud.kavia.ai/',
    'accept-encoding',
    'gzip, deflate, br, zstd',
    'priority',
    'u=1, i'
  ],
  rawTrailers: [],
  joinDuplicateHeaders: null,
  aborted: false,
  upgrade: false,
  url: '/',
  method: 'HEAD',
  statusCode: null,
  statusMessage: null,
  client: <ref *1> Socket {
    connecting: false,
    _hadError: false,
    _parent: null,
    _host: null,
    _closeAfterHandlingError: false,
    _readableState: ReadableState {
      state: 4184,
      highWaterMark: 16384,
      buffer: BufferList { head: null, tail: null, length: 0 },
      length: 0,
      pipes: [],
      flowing: true,
      errored: null,
      defaultEncoding: 'utf8',
      awaitDrainWriters: null,
      decoder: null,
      encoding: null,
      [Symbol(kPaused)]: false
    },
    _events: [Object: null prototype] {
      end: [Array],
      timeout: [Function: socketOnTimeout],
      data: [Function: bound socketOnData],
      error: [Function: socketOnError],
      close: [Array],
      drain: [Function: bound socketOnDrain],
      resume: [Function: onSocketResume],
      pause: [Function: onSocketPause]
    },
    _eventsCount: 8,
    _maxListeners: undefined,
    _writableState: WritableState {
      objectMode: false,
      highWaterMark: 16384,
      finalCalled: false,
      needDrain: false,
      ending: false,
      ended: false,
      finished: false,
      destroyed: false,
      decodeStrings: false,
      defaultEncoding: 'utf8',
      length: 0,
      writing: false,
      corked: 0,
      sync: true,
      bufferProcessing: false,
      onwrite: [Function: bound onwrite],
      writecb: null,
      writelen: 0,
      afterWriteTickInfo: null,
      buffered: [],
      bufferedIndex: 0,
      allBuffers: true,
      allNoop: true,
      pendingcb: 0,
      constructed: true,
      prefinished: false,
      errorEmitted: false,
      emitClose: false,
      autoDestroy: true,
      errored: null,
      closed: false,
      closeEmitted: false,
      [Symbol(kOnFinished)]: []
    },
    allowHalfOpen: true,
    _sockname: null,
    _pendingData: null,
    _pendingEncoding: '',
    server: Server {
      maxHeaderSize: undefined,
      insecureHTTPParser: undefined,
      requestTimeout: 300000,
      headersTimeout: 60000,
      keepAliveTimeout: 5000,
      connectionsCheckingInterval: 30000,
      joinDuplicateHeaders: undefined,
      rejectNonStandardBodyWrites: false,
      _events: [Object: null prototype],
      _eventsCount: 3,
      _maxListeners: undefined,
      _connections: 2,
      _handle: [TCP],
      _usingWorkers: false,
      _workers: [],
      _unref: false,
      allowHalfOpen: true,
      pauseOnConnect: false,
      noDelay: true,
      keepAlive: false,
      keepAliveInitialDelay: 0,
      highWaterMark: 16384,
      httpAllowHalfOpen: false,
      timeout: 0,
      maxHeadersCount: null,
      maxRequestsPerSocket: 0,
      _connectionKey: '4:0.0.0.0:3001',
      [Symbol(IncomingMessage)]: [Function: IncomingMessage],
      [Symbol(ServerResponse)]: [Function: ServerResponse],
      [Symbol(kCapture)]: false,
      [Symbol(async_id_symbol)]: 9,
      [Symbol(kUniqueHeaders)]: null,
      [Symbol(http.server.connections)]: ConnectionsList {},
      [Symbol(http.server.connectionsCheckingInterval)]: Timeout {
        _idleTimeout: 30000,
        _idlePrev: [TimersList],
        _idleNext: [TimersList],
        _idleStart: 911,
        _onTimeout: [Function: bound checkConnections],
        _timerArgs: undefined,
        _repeat: 30000,
        _destroyed: false,
        [Symbol(refed)]: false,
        [Symbol(kHasPrimitive)]: false,
        [Symbol(asyncId)]: 11,
        [Symbol(triggerId)]: 10
      }
    },
    _server: Server {
      maxHeaderSize: undefined,
      insecureHTTPParser: undefined,
      requestTimeout: 300000,
      headersTimeout: 60000,
      keepAliveTimeout: 5000,
      connectionsCheckingInterval: 30000,
      joinDuplicateHeaders: undefined,
      rejectNonStandardBodyWrites: false,
      _events: [Object: null prototype],
      _eventsCount: 3,
      _maxListeners: undefined,
      _connections: 2,
      _handle: [TCP],
      _usingWorkers: false,
      _workers: [],
      _unref: false,
      allowHalfOpen: true,
      pauseOnConnect: false,
      noDelay: true,
      keepAlive: false,
      keepAliveInitialDelay: 0,
      highWaterMark: 16384,
      httpAllowHalfOpen: false,
      timeout: 0,
      maxHeadersCount: null,
      maxRequestsPerSocket: 0,
      _connectionKey: '4:0.0.0.0:3001',
      [Symbol(IncomingMessage)]: [Function: IncomingMessage],
      [Symbol(ServerResponse)]: [Function: ServerResponse],
      [Symbol(kCapture)]: false,
      [Symbol(async_id_symbol)]: 9,
      [Symbol(kUniqueHeaders)]: null,
      [Symbol(http.server.connections)]: ConnectionsList {},
      [Symbol(http.server.connectionsCheckingInterval)]: Timeout {
        _idleTimeout: 30000,
        _idlePrev: [TimersList],
        _idleNext: [TimersList],
        _idleStart: 911,
        _onTimeout: [Function: bound checkConnections],
        _timerArgs: undefined,
        _repeat: 30000,
        _destroyed: false,
        [Symbol(refed)]: false,
        [Symbol(kHasPrimitive)]: false,
        [Symbol(asyncId)]: 11,
        [Symbol(triggerId)]: 10
      }
    },
    parser: HTTPParser {
      '0': null,
      '1': [Function: parserOnHeaders],
      '2': [Function: parserOnHeadersComplete],
      '3': [Function: parserOnBody],
      '4': [Function: parserOnMessageComplete],
      '5': [Function: bound onParserExecute],
      '6': [Function: bound onParserTimeout],
      _headers: [],
      _url: '',
      socket: [Circular *1],
      incoming: [Circular *2],
      outgoing: null,
      maxHeaderPairs: 2000,
      _consumed: true,
      onIncoming: [Function: bound parserOnIncoming],
      joinDuplicateHeaders: null,
      [Symbol(resource_symbol)]: [HTTPServerAsyncResource]
    },
    on: [Function: socketListenerWrap],
    addListener: [Function: socketListenerWrap],
    prependListener: [Function: socketListenerWrap],
    setEncoding: [Function: socketSetEncoding],
    _paused: false,
    _httpMessage: ServerResponse {
      _events: [Object: null prototype],
      _eventsCount: 1,
      _maxListeners: undefined,
      outputData: [],
      outputSize: 0,
      writable: true,
      destroyed: false,
      _last: false,
      chunkedEncoding: false,
      shouldKeepAlive: true,
      maxRequestsOnConnectionReached: false,
      _defaultKeepAlive: true,
      useChunkedEncodingByDefault: true,
      sendDate: true,
      _removedConnection: false,
      _removedContLen: false,
      _removedTE: false,
      strictContentLength: false,
      _contentLength: null,
      _hasBody: false,
      _trailer: '',
      finished: false,
      _headerSent: false,
      _closed: false,
      socket: [Circular *1],
      _header: null,
      _keepAliveTimeout: 5000,
      _onPendingData: [Function: bound updateOutgoingData],
      req: [Circular *2],
      _sent100: false,
      _expect_continue: false,
      _maxRequestsPerSocket: 0,
      locals: [Object: null prototype] {},
      [Symbol(kCapture)]: false,
      [Symbol(kBytesWritten)]: 0,
      [Symbol(kNeedDrain)]: false,
      [Symbol(corked)]: 0,
      [Symbol(kOutHeaders)]: [Object: null prototype],
      [Symbol(errored)]: null,
      [Symbol(kHighWaterMark)]: 16384,
      [Symbol(kRejectNonStandardBodyWrites)]: false,
      [Symbol(kUniqueHeaders)]: null
    },
    [Symbol(async_id_symbol)]: 257,
    [Symbol(kHandle)]: TCP {
      reading: true,
      onconnection: null,
      _consumed: true,
      [Symbol(owner_symbol)]: [Circular *1]
    },
    [Symbol(lastWriteQueueSize)]: 0,
    [Symbol(timeout)]: null,
    [Symbol(kBuffer)]: null,
    [Symbol(kBufferCb)]: null,
    [Symbol(kBufferGen)]: null,
    [Symbol(kCapture)]: false,
    [Symbol(kSetNoDelay)]: true,
    [Symbol(kSetKeepAlive)]: false,
    [Symbol(kSetKeepAliveInitialDelay)]: 0,
    [Symbol(kBytesRead)]: 0,
    [Symbol(kBytesWritten)]: 0
  },
  _consuming: false,
  _dumped: false,
  next: [Function: next],
  baseUrl: '/docs',
  originalUrl: '/docs/',
  _parsedUrl: Url {
    protocol: null,
    slashes: null,
    auth: null,
    host: null,
    port: null,
    hostname: null,
    hash: null,
    search: null,
    query: null,
    pathname: '/docs/',
    path: '/docs/',
    href: '/docs/',
    _raw: '/docs/'
  },
  params: {},
  query: {},
  res: <ref *3> ServerResponse {
    _events: [Object: null prototype] { finish: [Function: bound resOnFinish] },
    _eventsCount: 1,
    _maxListeners: undefined,
    outputData: [],
    outputSize: 0,
    writable: true,
    destroyed: false,
    _last: false,
    chunkedEncoding: false,
    shouldKeepAlive: true,
    maxRequestsOnConnectionReached: false,
    _defaultKeepAlive: true,
    useChunkedEncodingByDefault: true,
    sendDate: true,
    _removedConnection: false,
    _removedContLen: false,
    _removedTE: false,
    strictContentLength: false,
    _contentLength: null,
    _hasBody: false,
    _trailer: '',
    finished: false,
    _headerSent: false,
    _closed: false,
    socket: <ref *1> Socket {
      connecting: false,
      _hadError: false,
      _parent: null,
      _host: null,
      _closeAfterHandlingError: false,
      _readableState: [ReadableState],
      _events: [Object: null prototype],
      _eventsCount: 8,
      _maxListeners: undefined,
      _writableState: [WritableState],
      allowHalfOpen: true,
      _sockname: null,
      _pendingData: null,
      _pendingEncoding: '',
      server: [Server],
      _server: [Server],
      parser: [HTTPParser],
      on: [Function: socketListenerWrap],
      addListener: [Function: socketListenerWrap],
      prependListener: [Function: socketListenerWrap],
      setEncoding: [Function: socketSetEncoding],
      _paused: false,
      _httpMessage: [Circular *3],
      [Symbol(async_id_symbol)]: 257,
      [Symbol(kHandle)]: [TCP],
      [Symbol(lastWriteQueueSize)]: 0,
      [Symbol(timeout)]: null,
      [Symbol(kBuffer)]: null,
      [Symbol(kBufferCb)]: null,
      [Symbol(kBufferGen)]: null,
      [Symbol(kCapture)]: false,
      [Symbol(kSetNoDelay)]: true,
      [Symbol(kSetKeepAlive)]: false,
      [Symbol(kSetKeepAliveInitialDelay)]: 0,
      [Symbol(kBytesRead)]: 0,
      [Symbol(kBytesWritten)]: 0
    },
    _header: null,
    _keepAliveTimeout: 5000,
    _onPendingData: [Function: bound updateOutgoingData],
    req: [Circular *2],
    _sent100: false,
    _expect_continue: false,
    _maxRequestsPerSocket: 0,
    locals: [Object: null prototype] {},
    [Symbol(kCapture)]: false,
    [Symbol(kBytesWritten)]: 0,
    [Symbol(kNeedDrain)]: false,
    [Symbol(corked)]: 0,
    [Symbol(kOutHeaders)]: [Object: null prototype] {
      'x-powered-by': [Array],
      'access-control-allow-origin': [Array]
    },
    [Symbol(errored)]: null,
    [Symbol(kHighWaterMark)]: 16384,
    [Symbol(kRejectNonStandardBodyWrites)]: false,
    [Symbol(kUniqueHeaders)]: null
  },
  _parsedOriginalUrl: Url {
    protocol: null,
    slashes: null,
    auth: null,
    host: null,
    port: null,
    hostname: null,
    hash: null,
    search: null,
    query: null,
    pathname: '/docs/',
    path: '/docs/',
    href: '/docs/',
    _raw: '/docs/'
  },
  [Symbol(kCapture)]: false,
  [Symbol(kHeaders)]: {
    connection: 'upgrade',
    host: 'vscode-internal-847-dev.dev01.cloud.kavia.ai',
    'x-real-ip': '10.1.6.141',
    'x-forwarded-for': '181.26.17.105',
    'x-forwarded-proto': 'https',
    'x-forwarded-port': '3001',
    'x-amzn-trace-id': 'Root=1-6862efd8-1caea90e2ee6ab9d166f8ee3',
    pragma: 'no-cache',
    'cache-control': 'no-cache',
    'sec-ch-ua-platform': '"Linux"',
    'user-agent': 'Mozilla/5.0 (X11; Linux x86_64) AppleWebKit/537.36 (KHTML, like Gecko) Chrome/137.0.0.0 Safari/537.36',
    'sec-ch-ua': '"Brave";v="137", "Chromium";v="137", "Not/A)Brand";v="24"',
    'sec-ch-ua-mobile': '?0',
    accept: '*/*',
    'sec-gpc': '1',
    'accept-language': 'en-US,en;q=0.7',
    origin: 'https://dev.cloud.kavia.ai',
    'sec-fetch-site': 'same-site',
    'sec-fetch-mode': 'cors',
    'sec-fetch-dest': 'empty',
    referer: 'https://dev.cloud.kavia.ai/',
    'accept-encoding': 'gzip, deflate, br, zstd',
    priority: 'u=1, i'
  },
  [Symbol(kHeadersCount)]: 46,
  [Symbol(kTrailers)]: null,
  [Symbol(kTrailersCount)]: 0
}
<ref *2> IncomingMessage {
  _readableState: ReadableState {
    state: 137266,
    highWaterMark: 16384,
    buffer: BufferList { head: null, tail: null, length: 0 },
    length: 0,
    pipes: [],
    flowing: null,
    errored: null,
    defaultEncoding: 'utf8',
    awaitDrainWriters: null,
    decoder: null,
    encoding: null,
    [Symbol(kPaused)]: null
  },
  _events: [Object: null prototype] {},
  _eventsCount: 0,
  _maxListeners: undefined,
  socket: <ref *1> Socket {
    connecting: false,
    _hadError: false,
    _parent: null,
    _host: null,
    _closeAfterHandlingError: false,
    _readableState: ReadableState {
      state: 4184,
      highWaterMark: 16384,
      buffer: BufferList { head: null, tail: null, length: 0 },
      length: 0,
      pipes: [],
      flowing: true,
      errored: null,
      defaultEncoding: 'utf8',
      awaitDrainWriters: null,
      decoder: null,
      encoding: null,
      [Symbol(kPaused)]: false
    },
    _events: [Object: null prototype] {
      end: [Array],
      timeout: [Function: socketOnTimeout],
      data: [Function: bound socketOnData],
      error: [Function: socketOnError],
      close: [Array],
      drain: [Function: bound socketOnDrain],
      resume: [Function: onSocketResume],
      pause: [Function: onSocketPause]
    },
    _eventsCount: 8,
    _maxListeners: undefined,
    _writableState: WritableState {
      objectMode: false,
      highWaterMark: 16384,
      finalCalled: false,
      needDrain: false,
      ending: false,
      ended: false,
      finished: false,
      destroyed: false,
      decodeStrings: false,
      defaultEncoding: 'utf8',
      length: 0,
      writing: false,
      corked: 0,
      sync: true,
      bufferProcessing: false,
      onwrite: [Function: bound onwrite],
      writecb: null,
      writelen: 0,
      afterWriteTickInfo: null,
      buffered: [],
      bufferedIndex: 0,
      allBuffers: true,
      allNoop: true,
      pendingcb: 0,
      constructed: true,
      prefinished: false,
      errorEmitted: false,
      emitClose: false,
      autoDestroy: true,
      errored: null,
      closed: false,
      closeEmitted: false,
      [Symbol(kOnFinished)]: []
    },
    allowHalfOpen: true,
    _sockname: null,
    _pendingData: null,
    _pendingEncoding: '',
    server: Server {
      maxHeaderSize: undefined,
      insecureHTTPParser: undefined,
      requestTimeout: 300000,
      headersTimeout: 60000,
      keepAliveTimeout: 5000,
      connectionsCheckingInterval: 30000,
      joinDuplicateHeaders: undefined,
      rejectNonStandardBodyWrites: false,
      _events: [Object: null prototype],
      _eventsCount: 3,
      _maxListeners: undefined,
      _connections: 2,
      _handle: [TCP],
      _usingWorkers: false,
      _workers: [],
      _unref: false,
      allowHalfOpen: true,
      pauseOnConnect: false,
      noDelay: true,
      keepAlive: false,
      keepAliveInitialDelay: 0,
      highWaterMark: 16384,
      httpAllowHalfOpen: false,
      timeout: 0,
      maxHeadersCount: null,
      maxRequestsPerSocket: 0,
      _connectionKey: '4:0.0.0.0:3001',
      [Symbol(IncomingMessage)]: [Function: IncomingMessage],
      [Symbol(ServerResponse)]: [Function: ServerResponse],
      [Symbol(kCapture)]: false,
      [Symbol(async_id_symbol)]: 9,
      [Symbol(kUniqueHeaders)]: null,
      [Symbol(http.server.connections)]: ConnectionsList {},
      [Symbol(http.server.connectionsCheckingInterval)]: Timeout {
        _idleTimeout: 30000,
        _idlePrev: [TimersList],
        _idleNext: [TimersList],
        _idleStart: 911,
        _onTimeout: [Function: bound checkConnections],
        _timerArgs: undefined,
        _repeat: 30000,
        _destroyed: false,
        [Symbol(refed)]: false,
        [Symbol(kHasPrimitive)]: false,
        [Symbol(asyncId)]: 11,
        [Symbol(triggerId)]: 10
      }
    },
    _server: Server {
      maxHeaderSize: undefined,
      insecureHTTPParser: undefined,
      requestTimeout: 300000,
      headersTimeout: 60000,
      keepAliveTimeout: 5000,
      connectionsCheckingInterval: 30000,
      joinDuplicateHeaders: undefined,
      rejectNonStandardBodyWrites: false,
      _events: [Object: null prototype],
      _eventsCount: 3,
      _maxListeners: undefined,
      _connections: 2,
      _handle: [TCP],
      _usingWorkers: false,
      _workers: [],
      _unref: false,
      allowHalfOpen: true,
      pauseOnConnect: false,
      noDelay: true,
      keepAlive: false,
      keepAliveInitialDelay: 0,
      highWaterMark: 16384,
      httpAllowHalfOpen: false,
      timeout: 0,
      maxHeadersCount: null,
      maxRequestsPerSocket: 0,
      _connectionKey: '4:0.0.0.0:3001',
      [Symbol(IncomingMessage)]: [Function: IncomingMessage],
      [Symbol(ServerResponse)]: [Function: ServerResponse],
      [Symbol(kCapture)]: false,
      [Symbol(async_id_symbol)]: 9,
      [Symbol(kUniqueHeaders)]: null,
      [Symbol(http.server.connections)]: ConnectionsList {},
      [Symbol(http.server.connectionsCheckingInterval)]: Timeout {
        _idleTimeout: 30000,
        _idlePrev: [TimersList],
        _idleNext: [TimersList],
        _idleStart: 911,
        _onTimeout: [Function: bound checkConnections],
        _timerArgs: undefined,
        _repeat: 30000,
        _destroyed: false,
        [Symbol(refed)]: false,
        [Symbol(kHasPrimitive)]: false,
        [Symbol(asyncId)]: 11,
        [Symbol(triggerId)]: 10
      }
    },
    parser: HTTPParser {
      '0': null,
      '1': [Function: parserOnHeaders],
      '2': [Function: parserOnHeadersComplete],
      '3': [Function: parserOnBody],
      '4': [Function: parserOnMessageComplete],
      '5': [Function: bound onParserExecute],
      '6': [Function: bound onParserTimeout],
      _headers: [],
      _url: '',
      socket: [Circular *1],
      incoming: [Circular *2],
      outgoing: null,
      maxHeaderPairs: 2000,
      _consumed: true,
      onIncoming: [Function: bound parserOnIncoming],
      joinDuplicateHeaders: null,
      [Symbol(resource_symbol)]: [HTTPServerAsyncResource]
    },
    on: [Function: socketListenerWrap],
    addListener: [Function: socketListenerWrap],
    prependListener: [Function: socketListenerWrap],
    setEncoding: [Function: socketSetEncoding],
    _paused: false,
    _httpMessage: ServerResponse {
      _events: [Object: null prototype],
      _eventsCount: 1,
      _maxListeners: undefined,
      outputData: [],
      outputSize: 0,
      writable: true,
      destroyed: false,
      _last: false,
      chunkedEncoding: false,
      shouldKeepAlive: true,
      maxRequestsOnConnectionReached: false,
      _defaultKeepAlive: true,
      useChunkedEncodingByDefault: true,
      sendDate: true,
      _removedConnection: false,
      _removedContLen: false,
      _removedTE: false,
      strictContentLength: false,
      _contentLength: null,
      _hasBody: true,
      _trailer: '',
      finished: false,
      _headerSent: false,
      _closed: false,
      socket: [Circular *1],
      _header: null,
      _keepAliveTimeout: 5000,
      _onPendingData: [Function: bound updateOutgoingData],
      req: [Circular *2],
      _sent100: false,
      _expect_continue: false,
      _maxRequestsPerSocket: 0,
      locals: [Object: null prototype] {},
      [Symbol(kCapture)]: false,
      [Symbol(kBytesWritten)]: 0,
      [Symbol(kNeedDrain)]: false,
      [Symbol(corked)]: 0,
      [Symbol(kOutHeaders)]: [Object: null prototype],
      [Symbol(errored)]: null,
      [Symbol(kHighWaterMark)]: 16384,
      [Symbol(kRejectNonStandardBodyWrites)]: false,
      [Symbol(kUniqueHeaders)]: null
    },
    [Symbol(async_id_symbol)]: 332,
    [Symbol(kHandle)]: TCP {
      reading: true,
      onconnection: null,
      _consumed: true,
      [Symbol(owner_symbol)]: [Circular *1]
    },
    [Symbol(lastWriteQueueSize)]: 0,
    [Symbol(timeout)]: null,
    [Symbol(kBuffer)]: null,
    [Symbol(kBufferCb)]: null,
    [Symbol(kBufferGen)]: null,
    [Symbol(kCapture)]: false,
    [Symbol(kSetNoDelay)]: true,
    [Symbol(kSetKeepAlive)]: false,
    [Symbol(kSetKeepAliveInitialDelay)]: 0,
    [Symbol(kBytesRead)]: 0,
    [Symbol(kBytesWritten)]: 0
  },
  httpVersionMajor: 1,
  httpVersionMinor: 1,
  httpVersion: '1.1',
  complete: true,
  rawHeaders: [
    'Connection',
    'upgrade',
    'Host',
    'vscode-internal-847-dev.dev01.cloud.kavia.ai',
    'X-Real-IP',
    '10.1.6.141',
    'X-Forwarded-For',
    '181.26.17.105',
    'X-Forwarded-Proto',
    'https',
    'X-Forwarded-Port',
    '3001',
    'X-Amzn-Trace-Id',
    'Root=1-6862efd8-6a9cdeb838c27afe121a081f',
    'pragma',
    'no-cache',
    'cache-control',
    'no-cache',
    'upgrade-insecure-requests',
    '1',
    'user-agent',
    'Mozilla/5.0 (X11; Linux x86_64) AppleWebKit/537.36 (KHTML, like Gecko) Chrome/137.0.0.0 Safari/537.36',
    'accept',
    'text/html,application/xhtml+xml,application/xml;q=0.9,image/avif,image/webp,image/apng,*/*;q=0.8',
    'sec-gpc',
    '1',
    'accept-language',
    'en-US,en;q=0.7',
    'sec-fetch-site',
    'same-site',
    'sec-fetch-mode',
    'navigate',
    'sec-fetch-user',
    '?1',
    'sec-fetch-dest',
    'iframe',
    'sec-ch-ua',
    '"Brave";v="137", "Chromium";v="137", "Not/A)Brand";v="24"',
    'sec-ch-ua-mobile',
    '?0',
    'sec-ch-ua-platform',
    '"Linux"',
    'referer',
    'https://dev.cloud.kavia.ai/',
    'accept-encoding',
    'gzip, deflate, br, zstd',
    'priority',
    'u=0, i'
  ],
  rawTrailers: [],
  joinDuplicateHeaders: null,
  aborted: false,
  upgrade: false,
  url: '/',
  method: 'GET',
  statusCode: null,
  statusMessage: null,
  client: <ref *1> Socket {
    connecting: false,
    _hadError: false,
    _parent: null,
    _host: null,
    _closeAfterHandlingError: false,
    _readableState: ReadableState {
      state: 4184,
      highWaterMark: 16384,
      buffer: BufferList { head: null, tail: null, length: 0 },
      length: 0,
      pipes: [],
      flowing: true,
      errored: null,
      defaultEncoding: 'utf8',
      awaitDrainWriters: null,
      decoder: null,
      encoding: null,
      [Symbol(kPaused)]: false
    },
    _events: [Object: null prototype] {
      end: [Array],
      timeout: [Function: socketOnTimeout],
      data: [Function: bound socketOnData],
      error: [Function: socketOnError],
      close: [Array],
      drain: [Function: bound socketOnDrain],
      resume: [Function: onSocketResume],
      pause: [Function: onSocketPause]
    },
    _eventsCount: 8,
    _maxListeners: undefined,
    _writableState: WritableState {
      objectMode: false,
      highWaterMark: 16384,
      finalCalled: false,
      needDrain: false,
      ending: false,
      ended: false,
      finished: false,
      destroyed: false,
      decodeStrings: false,
      defaultEncoding: 'utf8',
      length: 0,
      writing: false,
      corked: 0,
      sync: true,
      bufferProcessing: false,
      onwrite: [Function: bound onwrite],
      writecb: null,
      writelen: 0,
      afterWriteTickInfo: null,
      buffered: [],
      bufferedIndex: 0,
      allBuffers: true,
      allNoop: true,
      pendingcb: 0,
      constructed: true,
      prefinished: false,
      errorEmitted: false,
      emitClose: false,
      autoDestroy: true,
      errored: null,
      closed: false,
      closeEmitted: false,
      [Symbol(kOnFinished)]: []
    },
    allowHalfOpen: true,
    _sockname: null,
    _pendingData: null,
    _pendingEncoding: '',
    server: Server {
      maxHeaderSize: undefined,
      insecureHTTPParser: undefined,
      requestTimeout: 300000,
      headersTimeout: 60000,
      keepAliveTimeout: 5000,
      connectionsCheckingInterval: 30000,
      joinDuplicateHeaders: undefined,
      rejectNonStandardBodyWrites: false,
      _events: [Object: null prototype],
      _eventsCount: 3,
      _maxListeners: undefined,
      _connections: 2,
      _handle: [TCP],
      _usingWorkers: false,
      _workers: [],
      _unref: false,
      allowHalfOpen: true,
      pauseOnConnect: false,
      noDelay: true,
      keepAlive: false,
      keepAliveInitialDelay: 0,
      highWaterMark: 16384,
      httpAllowHalfOpen: false,
      timeout: 0,
      maxHeadersCount: null,
      maxRequestsPerSocket: 0,
      _connectionKey: '4:0.0.0.0:3001',
      [Symbol(IncomingMessage)]: [Function: IncomingMessage],
      [Symbol(ServerResponse)]: [Function: ServerResponse],
      [Symbol(kCapture)]: false,
      [Symbol(async_id_symbol)]: 9,
      [Symbol(kUniqueHeaders)]: null,
      [Symbol(http.server.connections)]: ConnectionsList {},
      [Symbol(http.server.connectionsCheckingInterval)]: Timeout {
        _idleTimeout: 30000,
        _idlePrev: [TimersList],
        _idleNext: [TimersList],
        _idleStart: 911,
        _onTimeout: [Function: bound checkConnections],
        _timerArgs: undefined,
        _repeat: 30000,
        _destroyed: false,
        [Symbol(refed)]: false,
        [Symbol(kHasPrimitive)]: false,
        [Symbol(asyncId)]: 11,
        [Symbol(triggerId)]: 10
      }
    },
    _server: Server {
      maxHeaderSize: undefined,
      insecureHTTPParser: undefined,
      requestTimeout: 300000,
      headersTimeout: 60000,
      keepAliveTimeout: 5000,
      connectionsCheckingInterval: 30000,
      joinDuplicateHeaders: undefined,
      rejectNonStandardBodyWrites: false,
      _events: [Object: null prototype],
      _eventsCount: 3,
      _maxListeners: undefined,
      _connections: 2,
      _handle: [TCP],
      _usingWorkers: false,
      _workers: [],
      _unref: false,
      allowHalfOpen: true,
      pauseOnConnect: false,
      noDelay: true,
      keepAlive: false,
      keepAliveInitialDelay: 0,
      highWaterMark: 16384,
      httpAllowHalfOpen: false,
      timeout: 0,
      maxHeadersCount: null,
      maxRequestsPerSocket: 0,
      _connectionKey: '4:0.0.0.0:3001',
      [Symbol(IncomingMessage)]: [Function: IncomingMessage],
      [Symbol(ServerResponse)]: [Function: ServerResponse],
      [Symbol(kCapture)]: false,
      [Symbol(async_id_symbol)]: 9,
      [Symbol(kUniqueHeaders)]: null,
      [Symbol(http.server.connections)]: ConnectionsList {},
      [Symbol(http.server.connectionsCheckingInterval)]: Timeout {
        _idleTimeout: 30000,
        _idlePrev: [TimersList],
        _idleNext: [TimersList],
        _idleStart: 911,
        _onTimeout: [Function: bound checkConnections],
        _timerArgs: undefined,
        _repeat: 30000,
        _destroyed: false,
        [Symbol(refed)]: false,
        [Symbol(kHasPrimitive)]: false,
        [Symbol(asyncId)]: 11,
        [Symbol(triggerId)]: 10
      }
    },
    parser: HTTPParser {
      '0': null,
      '1': [Function: parserOnHeaders],
      '2': [Function: parserOnHeadersComplete],
      '3': [Function: parserOnBody],
      '4': [Function: parserOnMessageComplete],
      '5': [Function: bound onParserExecute],
      '6': [Function: bound onParserTimeout],
      _headers: [],
      _url: '',
      socket: [Circular *1],
      incoming: [Circular *2],
      outgoing: null,
      maxHeaderPairs: 2000,
      _consumed: true,
      onIncoming: [Function: bound parserOnIncoming],
      joinDuplicateHeaders: null,
      [Symbol(resource_symbol)]: [HTTPServerAsyncResource]
    },
    on: [Function: socketListenerWrap],
    addListener: [Function: socketListenerWrap],
    prependListener: [Function: socketListenerWrap],
    setEncoding: [Function: socketSetEncoding],
    _paused: false,
    _httpMessage: ServerResponse {
      _events: [Object: null prototype],
      _eventsCount: 1,
      _maxListeners: undefined,
      outputData: [],
      outputSize: 0,
      writable: true,
      destroyed: false,
      _last: false,
      chunkedEncoding: false,
      shouldKeepAlive: true,
      maxRequestsOnConnectionReached: false,
      _defaultKeepAlive: true,
      useChunkedEncodingByDefault: true,
      sendDate: true,
      _removedConnection: false,
      _removedContLen: false,
      _removedTE: false,
      strictContentLength: false,
      _contentLength: null,
      _hasBody: true,
      _trailer: '',
      finished: false,
      _headerSent: false,
      _closed: false,
      socket: [Circular *1],
      _header: null,
      _keepAliveTimeout: 5000,
      _onPendingData: [Function: bound updateOutgoingData],
      req: [Circular *2],
      _sent100: false,
      _expect_continue: false,
      _maxRequestsPerSocket: 0,
      locals: [Object: null prototype] {},
      [Symbol(kCapture)]: false,
      [Symbol(kBytesWritten)]: 0,
      [Symbol(kNeedDrain)]: false,
      [Symbol(corked)]: 0,
      [Symbol(kOutHeaders)]: [Object: null prototype],
      [Symbol(errored)]: null,
      [Symbol(kHighWaterMark)]: 16384,
      [Symbol(kRejectNonStandardBodyWrites)]: false,
      [Symbol(kUniqueHeaders)]: null
    },
    [Symbol(async_id_symbol)]: 332,
    [Symbol(kHandle)]: TCP {
      reading: true,
      onconnection: null,
      _consumed: true,
      [Symbol(owner_symbol)]: [Circular *1]
    },
    [Symbol(lastWriteQueueSize)]: 0,
    [Symbol(timeout)]: null,
    [Symbol(kBuffer)]: null,
    [Symbol(kBufferCb)]: null,
    [Symbol(kBufferGen)]: null,
    [Symbol(kCapture)]: false,
    [Symbol(kSetNoDelay)]: true,
    [Symbol(kSetKeepAlive)]: false,
    [Symbol(kSetKeepAliveInitialDelay)]: 0,
    [Symbol(kBytesRead)]: 0,
    [Symbol(kBytesWritten)]: 0
  },
  _consuming: false,
  _dumped: false,
  next: [Function: next],
  baseUrl: '/docs',
  originalUrl: '/docs/',
  _parsedUrl: Url {
    protocol: null,
    slashes: null,
    auth: null,
    host: null,
    port: null,
    hostname: null,
    hash: null,
    search: null,
    query: null,
    pathname: '/docs/',
    path: '/docs/',
    href: '/docs/',
    _raw: '/docs/'
  },
  params: {},
  query: {},
  res: <ref *3> ServerResponse {
    _events: [Object: null prototype] { finish: [Function: bound resOnFinish] },
    _eventsCount: 1,
    _maxListeners: undefined,
    outputData: [],
    outputSize: 0,
    writable: true,
    destroyed: false,
    _last: false,
    chunkedEncoding: false,
    shouldKeepAlive: true,
    maxRequestsOnConnectionReached: false,
    _defaultKeepAlive: true,
    useChunkedEncodingByDefault: true,
    sendDate: true,
    _removedConnection: false,
    _removedContLen: false,
    _removedTE: false,
    strictContentLength: false,
    _contentLength: null,
    _hasBody: true,
    _trailer: '',
    finished: false,
    _headerSent: false,
    _closed: false,
    socket: <ref *1> Socket {
      connecting: false,
      _hadError: false,
      _parent: null,
      _host: null,
      _closeAfterHandlingError: false,
      _readableState: [ReadableState],
      _events: [Object: null prototype],
      _eventsCount: 8,
      _maxListeners: undefined,
      _writableState: [WritableState],
      allowHalfOpen: true,
      _sockname: null,
      _pendingData: null,
      _pendingEncoding: '',
      server: [Server],
      _server: [Server],
      parser: [HTTPParser],
      on: [Function: socketListenerWrap],
      addListener: [Function: socketListenerWrap],
      prependListener: [Function: socketListenerWrap],
      setEncoding: [Function: socketSetEncoding],
      _paused: false,
      _httpMessage: [Circular *3],
      [Symbol(async_id_symbol)]: 332,
      [Symbol(kHandle)]: [TCP],
      [Symbol(lastWriteQueueSize)]: 0,
      [Symbol(timeout)]: null,
      [Symbol(kBuffer)]: null,
      [Symbol(kBufferCb)]: null,
      [Symbol(kBufferGen)]: null,
      [Symbol(kCapture)]: false,
      [Symbol(kSetNoDelay)]: true,
      [Symbol(kSetKeepAlive)]: false,
      [Symbol(kSetKeepAliveInitialDelay)]: 0,
      [Symbol(kBytesRead)]: 0,
      [Symbol(kBytesWritten)]: 0
    },
    _header: null,
    _keepAliveTimeout: 5000,
    _onPendingData: [Function: bound updateOutgoingData],
    req: [Circular *2],
    _sent100: false,
    _expect_continue: false,
    _maxRequestsPerSocket: 0,
    locals: [Object: null prototype] {},
    [Symbol(kCapture)]: false,
    [Symbol(kBytesWritten)]: 0,
    [Symbol(kNeedDrain)]: false,
    [Symbol(corked)]: 0,
    [Symbol(kOutHeaders)]: [Object: null prototype] {
      'x-powered-by': [Array],
      'access-control-allow-origin': [Array]
    },
    [Symbol(errored)]: null,
    [Symbol(kHighWaterMark)]: 16384,
    [Symbol(kRejectNonStandardBodyWrites)]: false,
    [Symbol(kUniqueHeaders)]: null
  },
  _parsedOriginalUrl: Url {
    protocol: null,
    slashes: null,
    auth: null,
    host: null,
    port: null,
    hostname: null,
    hash: null,
    search: null,
    query: null,
    pathname: '/docs/',
    path: '/docs/',
    href: '/docs/',
    _raw: '/docs/'
  },
  [Symbol(kCapture)]: false,
  [Symbol(kHeaders)]: {
    connection: 'upgrade',
    host: 'vscode-internal-847-dev.dev01.cloud.kavia.ai',
    'x-real-ip': '10.1.6.141',
    'x-forwarded-for': '181.26.17.105',
    'x-forwarded-proto': 'https',
    'x-forwarded-port': '3001',
    'x-amzn-trace-id': 'Root=1-6862efd8-6a9cdeb838c27afe121a081f',
    pragma: 'no-cache',
    'cache-control': 'no-cache',
    'upgrade-insecure-requests': '1',
    'user-agent': 'Mozilla/5.0 (X11; Linux x86_64) AppleWebKit/537.36 (KHTML, like Gecko) Chrome/137.0.0.0 Safari/537.36',
    accept: 'text/html,application/xhtml+xml,application/xml;q=0.9,image/avif,image/webp,image/apng,*/*;q=0.8',
    'sec-gpc': '1',
    'accept-language': 'en-US,en;q=0.7',
    'sec-fetch-site': 'same-site',
    'sec-fetch-mode': 'navigate',
    'sec-fetch-user': '?1',
    'sec-fetch-dest': 'iframe',
    'sec-ch-ua': '"Brave";v="137", "Chromium";v="137", "Not/A)Brand";v="24"',
    'sec-ch-ua-mobile': '?0',
    'sec-ch-ua-platform': '"Linux"',
    referer: 'https://dev.cloud.kavia.ai/',
    'accept-encoding': 'gzip, deflate, br, zstd',
    priority: 'u=0, i'
  },
  [Symbol(kHeadersCount)]: 48,
  [Symbol(kTrailers)]: null,
  [Symbol(kTrailersCount)]: 0
}
<ref *2> IncomingMessage {
  _readableState: ReadableState {
    state: 137266,
    highWaterMark: 16384,
    buffer: BufferList { head: null, tail: null, length: 0 },
    length: 0,
    pipes: [],
    flowing: null,
    errored: null,
    defaultEncoding: 'utf8',
    awaitDrainWriters: null,
    decoder: null,
    encoding: null,
    [Symbol(kPaused)]: null
  },
  _events: [Object: null prototype] {},
  _eventsCount: 0,
  _maxListeners: undefined,
  socket: <ref *1> Socket {
    connecting: false,
    _hadError: false,
    _parent: null,
    _host: null,
    _closeAfterHandlingError: false,
    _readableState: ReadableState {
      state: 4184,
      highWaterMark: 16384,
      buffer: BufferList { head: null, tail: null, length: 0 },
      length: 0,
      pipes: [],
      flowing: true,
      errored: null,
      defaultEncoding: 'utf8',
      awaitDrainWriters: null,
      decoder: null,
      encoding: null,
      [Symbol(kPaused)]: false
    },
    _events: [Object: null prototype] {
      end: [Array],
      timeout: [Function: socketOnTimeout],
      data: [Function: bound socketOnData],
      error: [Function: socketOnError],
      close: [Array],
      drain: [Function: bound socketOnDrain],
      resume: [Function: onSocketResume],
      pause: [Function: onSocketPause]
    },
    _eventsCount: 8,
    _maxListeners: undefined,
    _writableState: WritableState {
      objectMode: false,
      highWaterMark: 16384,
      finalCalled: false,
      needDrain: false,
      ending: false,
      ended: false,
      finished: false,
      destroyed: false,
      decodeStrings: false,
      defaultEncoding: 'utf8',
      length: 0,
      writing: false,
      corked: 0,
      sync: true,
      bufferProcessing: false,
      onwrite: [Function: bound onwrite],
      writecb: null,
      writelen: 0,
      afterWriteTickInfo: null,
      buffered: [],
      bufferedIndex: 0,
      allBuffers: true,
      allNoop: true,
      pendingcb: 0,
      constructed: true,
      prefinished: false,
      errorEmitted: false,
      emitClose: false,
      autoDestroy: true,
      errored: null,
      closed: false,
      closeEmitted: false,
      [Symbol(kOnFinished)]: []
    },
    allowHalfOpen: true,
    _sockname: null,
    _pendingData: null,
    _pendingEncoding: '',
    server: Server {
      maxHeaderSize: undefined,
      insecureHTTPParser: undefined,
      requestTimeout: 300000,
      headersTimeout: 60000,
      keepAliveTimeout: 5000,
      connectionsCheckingInterval: 30000,
      joinDuplicateHeaders: undefined,
      rejectNonStandardBodyWrites: false,
      _events: [Object: null prototype],
      _eventsCount: 3,
      _maxListeners: undefined,
      _connections: 2,
      _handle: [TCP],
      _usingWorkers: false,
      _workers: [],
      _unref: false,
      allowHalfOpen: true,
      pauseOnConnect: false,
      noDelay: true,
      keepAlive: false,
      keepAliveInitialDelay: 0,
      highWaterMark: 16384,
      httpAllowHalfOpen: false,
      timeout: 0,
      maxHeadersCount: null,
      maxRequestsPerSocket: 0,
      _connectionKey: '4:0.0.0.0:3001',
      [Symbol(IncomingMessage)]: [Function: IncomingMessage],
      [Symbol(ServerResponse)]: [Function: ServerResponse],
      [Symbol(kCapture)]: false,
      [Symbol(async_id_symbol)]: 9,
      [Symbol(kUniqueHeaders)]: null,
      [Symbol(http.server.connections)]: ConnectionsList {},
      [Symbol(http.server.connectionsCheckingInterval)]: Timeout {
        _idleTimeout: 30000,
        _idlePrev: [TimersList],
        _idleNext: [TimersList],
        _idleStart: 911,
        _onTimeout: [Function: bound checkConnections],
        _timerArgs: undefined,
        _repeat: 30000,
        _destroyed: false,
        [Symbol(refed)]: false,
        [Symbol(kHasPrimitive)]: false,
        [Symbol(asyncId)]: 11,
        [Symbol(triggerId)]: 10
      }
    },
    _server: Server {
      maxHeaderSize: undefined,
      insecureHTTPParser: undefined,
      requestTimeout: 300000,
      headersTimeout: 60000,
      keepAliveTimeout: 5000,
      connectionsCheckingInterval: 30000,
      joinDuplicateHeaders: undefined,
      rejectNonStandardBodyWrites: false,
      _events: [Object: null prototype],
      _eventsCount: 3,
      _maxListeners: undefined,
      _connections: 2,
      _handle: [TCP],
      _usingWorkers: false,
      _workers: [],
      _unref: false,
      allowHalfOpen: true,
      pauseOnConnect: false,
      noDelay: true,
      keepAlive: false,
      keepAliveInitialDelay: 0,
      highWaterMark: 16384,
      httpAllowHalfOpen: false,
      timeout: 0,
      maxHeadersCount: null,
      maxRequestsPerSocket: 0,
      _connectionKey: '4:0.0.0.0:3001',
      [Symbol(IncomingMessage)]: [Function: IncomingMessage],
      [Symbol(ServerResponse)]: [Function: ServerResponse],
      [Symbol(kCapture)]: false,
      [Symbol(async_id_symbol)]: 9,
      [Symbol(kUniqueHeaders)]: null,
      [Symbol(http.server.connections)]: ConnectionsList {},
      [Symbol(http.server.connectionsCheckingInterval)]: Timeout {
        _idleTimeout: 30000,
        _idlePrev: [TimersList],
        _idleNext: [TimersList],
        _idleStart: 911,
        _onTimeout: [Function: bound checkConnections],
        _timerArgs: undefined,
        _repeat: 30000,
        _destroyed: false,
        [Symbol(refed)]: false,
        [Symbol(kHasPrimitive)]: false,
        [Symbol(asyncId)]: 11,
        [Symbol(triggerId)]: 10
      }
    },
    parser: HTTPParser {
      '0': null,
      '1': [Function: parserOnHeaders],
      '2': [Function: parserOnHeadersComplete],
      '3': [Function: parserOnBody],
      '4': [Function: parserOnMessageComplete],
      '5': [Function: bound onParserExecute],
      '6': [Function: bound onParserTimeout],
      _headers: [],
      _url: '',
      socket: [Circular *1],
      incoming: [Circular *2],
      outgoing: null,
      maxHeaderPairs: 2000,
      _consumed: true,
      onIncoming: [Function: bound parserOnIncoming],
      joinDuplicateHeaders: null,
      [Symbol(resource_symbol)]: [HTTPServerAsyncResource]
    },
    on: [Function: socketListenerWrap],
    addListener: [Function: socketListenerWrap],
    prependListener: [Function: socketListenerWrap],
    setEncoding: [Function: socketSetEncoding],
    _paused: false,
    _httpMessage: ServerResponse {
      _events: [Object: null prototype],
      _eventsCount: 1,
      _maxListeners: undefined,
      outputData: [],
      outputSize: 0,
      writable: true,
      destroyed: false,
      _last: false,
      chunkedEncoding: false,
      shouldKeepAlive: true,
      maxRequestsOnConnectionReached: false,
      _defaultKeepAlive: true,
      useChunkedEncodingByDefault: true,
      sendDate: true,
      _removedConnection: false,
      _removedContLen: false,
      _removedTE: false,
      strictContentLength: false,
      _contentLength: null,
      _hasBody: true,
      _trailer: '',
      finished: false,
      _headerSent: false,
      _closed: false,
      socket: [Circular *1],
      _header: null,
      _keepAliveTimeout: 5000,
      _onPendingData: [Function: bound updateOutgoingData],
      req: [Circular *2],
      _sent100: false,
      _expect_continue: false,
      _maxRequestsPerSocket: 0,
      locals: [Object: null prototype] {},
      [Symbol(kCapture)]: false,
      [Symbol(kBytesWritten)]: 0,
      [Symbol(kNeedDrain)]: false,
      [Symbol(corked)]: 0,
      [Symbol(kOutHeaders)]: [Object: null prototype],
      [Symbol(errored)]: null,
      [Symbol(kHighWaterMark)]: 16384,
      [Symbol(kRejectNonStandardBodyWrites)]: false,
      [Symbol(kUniqueHeaders)]: null
    },
    [Symbol(async_id_symbol)]: 335,
    [Symbol(kHandle)]: TCP {
      reading: true,
      onconnection: null,
      _consumed: true,
      [Symbol(owner_symbol)]: [Circular *1]
    },
    [Symbol(lastWriteQueueSize)]: 0,
    [Symbol(timeout)]: null,
    [Symbol(kBuffer)]: null,
    [Symbol(kBufferCb)]: null,
    [Symbol(kBufferGen)]: null,
    [Symbol(kCapture)]: false,
    [Symbol(kSetNoDelay)]: true,
    [Symbol(kSetKeepAlive)]: false,
    [Symbol(kSetKeepAliveInitialDelay)]: 0,
    [Symbol(kBytesRead)]: 0,
    [Symbol(kBytesWritten)]: 0
  },
  httpVersionMajor: 1,
  httpVersionMinor: 1,
  httpVersion: '1.1',
  complete: true,
  rawHeaders: [
    'Connection',
    'upgrade',
    'Host',
    'vscode-internal-847-dev.dev01.cloud.kavia.ai',
    'X-Real-IP',
    '10.1.6.141',
    'X-Forwarded-For',
    '181.26.17.105',
    'X-Forwarded-Proto',
    'https',
    'X-Forwarded-Port',
    '3001',
    'X-Amzn-Trace-Id',
    'Root=1-6862efd8-1232387718abe89e7c3f2759',
    'pragma',
    'no-cache',
    'cache-control',
    'no-cache',
    'upgrade-insecure-requests',
    '1',
    'user-agent',
    'Mozilla/5.0 (X11; Linux x86_64) AppleWebKit/537.36 (KHTML, like Gecko) Chrome/137.0.0.0 Safari/537.36',
    'accept',
    'text/html,application/xhtml+xml,application/xml;q=0.9,image/avif,image/webp,image/apng,*/*;q=0.8',
    'sec-gpc',
    '1',
    'accept-language',
    'en-US,en;q=0.7',
    'sec-fetch-site',
    'same-site',
    'sec-fetch-mode',
    'navigate',
    'sec-fetch-user',
    '?1',
    'sec-fetch-dest',
    'iframe',
    'sec-ch-ua',
    '"Brave";v="137", "Chromium";v="137", "Not/A)Brand";v="24"',
    'sec-ch-ua-mobile',
    '?0',
    'sec-ch-ua-platform',
    '"Linux"',
    'referer',
    'https://dev.cloud.kavia.ai/',
    'accept-encoding',
    'gzip, deflate, br, zstd',
    'priority',
    'u=0, i'
  ],
  rawTrailers: [],
  joinDuplicateHeaders: null,
  aborted: false,
  upgrade: false,
  url: '/',
  method: 'GET',
  statusCode: null,
  statusMessage: null,
  client: <ref *1> Socket {
    connecting: false,
    _hadError: false,
    _parent: null,
    _host: null,
    _closeAfterHandlingError: false,
    _readableState: ReadableState {
      state: 4184,
      highWaterMark: 16384,
      buffer: BufferList { head: null, tail: null, length: 0 },
      length: 0,
      pipes: [],
      flowing: true,
      errored: null,
      defaultEncoding: 'utf8',
      awaitDrainWriters: null,
      decoder: null,
      encoding: null,
      [Symbol(kPaused)]: false
    },
    _events: [Object: null prototype] {
      end: [Array],
      timeout: [Function: socketOnTimeout],
      data: [Function: bound socketOnData],
      error: [Function: socketOnError],
      close: [Array],
      drain: [Function: bound socketOnDrain],
      resume: [Function: onSocketResume],
      pause: [Function: onSocketPause]
    },
    _eventsCount: 8,
    _maxListeners: undefined,
    _writableState: WritableState {
      objectMode: false,
      highWaterMark: 16384,
      finalCalled: false,
      needDrain: false,
      ending: false,
      ended: false,
      finished: false,
      destroyed: false,
      decodeStrings: false,
      defaultEncoding: 'utf8',
      length: 0,
      writing: false,
      corked: 0,
      sync: true,
      bufferProcessing: false,
      onwrite: [Function: bound onwrite],
      writecb: null,
      writelen: 0,
      afterWriteTickInfo: null,
      buffered: [],
      bufferedIndex: 0,
      allBuffers: true,
      allNoop: true,
      pendingcb: 0,
      constructed: true,
      prefinished: false,
      errorEmitted: false,
      emitClose: false,
      autoDestroy: true,
      errored: null,
      closed: false,
      closeEmitted: false,
      [Symbol(kOnFinished)]: []
    },
    allowHalfOpen: true,
    _sockname: null,
    _pendingData: null,
    _pendingEncoding: '',
    server: Server {
      maxHeaderSize: undefined,
      insecureHTTPParser: undefined,
      requestTimeout: 300000,
      headersTimeout: 60000,
      keepAliveTimeout: 5000,
      connectionsCheckingInterval: 30000,
      joinDuplicateHeaders: undefined,
      rejectNonStandardBodyWrites: false,
      _events: [Object: null prototype],
      _eventsCount: 3,
      _maxListeners: undefined,
      _connections: 2,
      _handle: [TCP],
      _usingWorkers: false,
      _workers: [],
      _unref: false,
      allowHalfOpen: true,
      pauseOnConnect: false,
      noDelay: true,
      keepAlive: false,
      keepAliveInitialDelay: 0,
      highWaterMark: 16384,
      httpAllowHalfOpen: false,
      timeout: 0,
      maxHeadersCount: null,
      maxRequestsPerSocket: 0,
      _connectionKey: '4:0.0.0.0:3001',
      [Symbol(IncomingMessage)]: [Function: IncomingMessage],
      [Symbol(ServerResponse)]: [Function: ServerResponse],
      [Symbol(kCapture)]: false,
      [Symbol(async_id_symbol)]: 9,
      [Symbol(kUniqueHeaders)]: null,
      [Symbol(http.server.connections)]: ConnectionsList {},
      [Symbol(http.server.connectionsCheckingInterval)]: Timeout {
        _idleTimeout: 30000,
        _idlePrev: [TimersList],
        _idleNext: [TimersList],
        _idleStart: 911,
        _onTimeout: [Function: bound checkConnections],
        _timerArgs: undefined,
        _repeat: 30000,
        _destroyed: false,
        [Symbol(refed)]: false,
        [Symbol(kHasPrimitive)]: false,
        [Symbol(asyncId)]: 11,
        [Symbol(triggerId)]: 10
      }
    },
    _server: Server {
      maxHeaderSize: undefined,
      insecureHTTPParser: undefined,
      requestTimeout: 300000,
      headersTimeout: 60000,
      keepAliveTimeout: 5000,
      connectionsCheckingInterval: 30000,
      joinDuplicateHeaders: undefined,
      rejectNonStandardBodyWrites: false,
      _events: [Object: null prototype],
      _eventsCount: 3,
      _maxListeners: undefined,
      _connections: 2,
      _handle: [TCP],
      _usingWorkers: false,
      _workers: [],
      _unref: false,
      allowHalfOpen: true,
      pauseOnConnect: false,
      noDelay: true,
      keepAlive: false,
      keepAliveInitialDelay: 0,
      highWaterMark: 16384,
      httpAllowHalfOpen: false,
      timeout: 0,
      maxHeadersCount: null,
      maxRequestsPerSocket: 0,
      _connectionKey: '4:0.0.0.0:3001',
      [Symbol(IncomingMessage)]: [Function: IncomingMessage],
      [Symbol(ServerResponse)]: [Function: ServerResponse],
      [Symbol(kCapture)]: false,
      [Symbol(async_id_symbol)]: 9,
      [Symbol(kUniqueHeaders)]: null,
      [Symbol(http.server.connections)]: ConnectionsList {},
      [Symbol(http.server.connectionsCheckingInterval)]: Timeout {
        _idleTimeout: 30000,
        _idlePrev: [TimersList],
        _idleNext: [TimersList],
        _idleStart: 911,
        _onTimeout: [Function: bound checkConnections],
        _timerArgs: undefined,
        _repeat: 30000,
        _destroyed: false,
        [Symbol(refed)]: false,
        [Symbol(kHasPrimitive)]: false,
        [Symbol(asyncId)]: 11,
        [Symbol(triggerId)]: 10
      }
    },
    parser: HTTPParser {
      '0': null,
      '1': [Function: parserOnHeaders],
      '2': [Function: parserOnHeadersComplete],
      '3': [Function: parserOnBody],
      '4': [Function: parserOnMessageComplete],
      '5': [Function: bound onParserExecute],
      '6': [Function: bound onParserTimeout],
      _headers: [],
      _url: '',
      socket: [Circular *1],
      incoming: [Circular *2],
      outgoing: null,
      maxHeaderPairs: 2000,
      _consumed: true,
      onIncoming: [Function: bound parserOnIncoming],
      joinDuplicateHeaders: null,
      [Symbol(resource_symbol)]: [HTTPServerAsyncResource]
    },
    on: [Function: socketListenerWrap],
    addListener: [Function: socketListenerWrap],
    prependListener: [Function: socketListenerWrap],
    setEncoding: [Function: socketSetEncoding],
    _paused: false,
    _httpMessage: ServerResponse {
      _events: [Object: null prototype],
      _eventsCount: 1,
      _maxListeners: undefined,
      outputData: [],
      outputSize: 0,
      writable: true,
      destroyed: false,
      _last: false,
      chunkedEncoding: false,
      shouldKeepAlive: true,
      maxRequestsOnConnectionReached: false,
      _defaultKeepAlive: true,
      useChunkedEncodingByDefault: true,
      sendDate: true,
      _removedConnection: false,
      _removedContLen: false,
      _removedTE: false,
      strictContentLength: false,
      _contentLength: null,
      _hasBody: true,
      _trailer: '',
      finished: false,
      _headerSent: false,
      _closed: false,
      socket: [Circular *1],
      _header: null,
      _keepAliveTimeout: 5000,
      _onPendingData: [Function: bound updateOutgoingData],
      req: [Circular *2],
      _sent100: false,
      _expect_continue: false,
      _maxRequestsPerSocket: 0,
      locals: [Object: null prototype] {},
      [Symbol(kCapture)]: false,
      [Symbol(kBytesWritten)]: 0,
      [Symbol(kNeedDrain)]: false,
      [Symbol(corked)]: 0,
      [Symbol(kOutHeaders)]: [Object: null prototype],
      [Symbol(errored)]: null,
      [Symbol(kHighWaterMark)]: 16384,
      [Symbol(kRejectNonStandardBodyWrites)]: false,
      [Symbol(kUniqueHeaders)]: null
    },
    [Symbol(async_id_symbol)]: 335,
    [Symbol(kHandle)]: TCP {
      reading: true,
      onconnection: null,
      _consumed: true,
      [Symbol(owner_symbol)]: [Circular *1]
    },
    [Symbol(lastWriteQueueSize)]: 0,
    [Symbol(timeout)]: null,
    [Symbol(kBuffer)]: null,
    [Symbol(kBufferCb)]: null,
    [Symbol(kBufferGen)]: null,
    [Symbol(kCapture)]: false,
    [Symbol(kSetNoDelay)]: true,
    [Symbol(kSetKeepAlive)]: false,
    [Symbol(kSetKeepAliveInitialDelay)]: 0,
    [Symbol(kBytesRead)]: 0,
    [Symbol(kBytesWritten)]: 0
  },
  _consuming: false,
  _dumped: false,
  next: [Function: next],
  baseUrl: '/docs',
  originalUrl: '/docs/',
  _parsedUrl: Url {
    protocol: null,
    slashes: null,
    auth: null,
    host: null,
    port: null,
    hostname: null,
    hash: null,
    search: null,
    query: null,
    pathname: '/docs/',
    path: '/docs/',
    href: '/docs/',
    _raw: '/docs/'
  },
  params: {},
  query: {},
  res: <ref *3> ServerResponse {
    _events: [Object: null prototype] { finish: [Function: bound resOnFinish] },
    _eventsCount: 1,
    _maxListeners: undefined,
    outputData: [],
    outputSize: 0,
    writable: true,
    destroyed: false,
    _last: false,
    chunkedEncoding: false,
    shouldKeepAlive: true,
    maxRequestsOnConnectionReached: false,
    _defaultKeepAlive: true,
    useChunkedEncodingByDefault: true,
    sendDate: true,
    _removedConnection: false,
    _removedContLen: false,
    _removedTE: false,
    strictContentLength: false,
    _contentLength: null,
    _hasBody: true,
    _trailer: '',
    finished: false,
    _headerSent: false,
    _closed: false,
    socket: <ref *1> Socket {
      connecting: false,
      _hadError: false,
      _parent: null,
      _host: null,
      _closeAfterHandlingError: false,
      _readableState: [ReadableState],
      _events: [Object: null prototype],
      _eventsCount: 8,
      _maxListeners: undefined,
      _writableState: [WritableState],
      allowHalfOpen: true,
      _sockname: null,
      _pendingData: null,
      _pendingEncoding: '',
      server: [Server],
      _server: [Server],
      parser: [HTTPParser],
      on: [Function: socketListenerWrap],
      addListener: [Function: socketListenerWrap],
      prependListener: [Function: socketListenerWrap],
      setEncoding: [Function: socketSetEncoding],
      _paused: false,
      _httpMessage: [Circular *3],
      [Symbol(async_id_symbol)]: 335,
      [Symbol(kHandle)]: [TCP],
      [Symbol(lastWriteQueueSize)]: 0,
      [Symbol(timeout)]: null,
      [Symbol(kBuffer)]: null,
      [Symbol(kBufferCb)]: null,
      [Symbol(kBufferGen)]: null,
      [Symbol(kCapture)]: false,
      [Symbol(kSetNoDelay)]: true,
      [Symbol(kSetKeepAlive)]: false,
      [Symbol(kSetKeepAliveInitialDelay)]: 0,
      [Symbol(kBytesRead)]: 0,
      [Symbol(kBytesWritten)]: 0
    },
    _header: null,
    _keepAliveTimeout: 5000,
    _onPendingData: [Function: bound updateOutgoingData],
    req: [Circular *2],
    _sent100: false,
    _expect_continue: false,
    _maxRequestsPerSocket: 0,
    locals: [Object: null prototype] {},
    [Symbol(kCapture)]: false,
    [Symbol(kBytesWritten)]: 0,
    [Symbol(kNeedDrain)]: false,
    [Symbol(corked)]: 0,
    [Symbol(kOutHeaders)]: [Object: null prototype] {
      'x-powered-by': [Array],
      'access-control-allow-origin': [Array]
    },
    [Symbol(errored)]: null,
    [Symbol(kHighWaterMark)]: 16384,
    [Symbol(kRejectNonStandardBodyWrites)]: false,
    [Symbol(kUniqueHeaders)]: null
  },
  _parsedOriginalUrl: Url {
    protocol: null,
    slashes: null,
    auth: null,
    host: null,
    port: null,
    hostname: null,
    hash: null,
    search: null,
    query: null,
    pathname: '/docs/',
    path: '/docs/',
    href: '/docs/',
    _raw: '/docs/'
  },
  [Symbol(kCapture)]: false,
  [Symbol(kHeaders)]: {
    connection: 'upgrade',
    host: 'vscode-internal-847-dev.dev01.cloud.kavia.ai',
    'x-real-ip': '10.1.6.141',
    'x-forwarded-for': '181.26.17.105',
    'x-forwarded-proto': 'https',
    'x-forwarded-port': '3001',
    'x-amzn-trace-id': 'Root=1-6862efd8-1232387718abe89e7c3f2759',
    pragma: 'no-cache',
    'cache-control': 'no-cache',
    'upgrade-insecure-requests': '1',
    'user-agent': 'Mozilla/5.0 (X11; Linux x86_64) AppleWebKit/537.36 (KHTML, like Gecko) Chrome/137.0.0.0 Safari/537.36',
    accept: 'text/html,application/xhtml+xml,application/xml;q=0.9,image/avif,image/webp,image/apng,*/*;q=0.8',
    'sec-gpc': '1',
    'accept-language': 'en-US,en;q=0.7',
    'sec-fetch-site': 'same-site',
    'sec-fetch-mode': 'navigate',
    'sec-fetch-user': '?1',
    'sec-fetch-dest': 'iframe',
    'sec-ch-ua': '"Brave";v="137", "Chromium";v="137", "Not/A)Brand";v="24"',
    'sec-ch-ua-mobile': '?0',
    'sec-ch-ua-platform': '"Linux"',
    referer: 'https://dev.cloud.kavia.ai/',
    'accept-encoding': 'gzip, deflate, br, zstd',
    priority: 'u=0, i'
  },
  [Symbol(kHeadersCount)]: 48,
  [Symbol(kTrailers)]: null,
  [Symbol(kTrailersCount)]: 0
}
[32m[nodemon] restarting due to changes...[39m
[32m[nodemon] starting `node src/server.js`[39m
Server running at http://0.0.0.0:3001
ReferenceError: forwarded is not defined
    at /home/kavia/workspace/code-generation/eventsync-api-62759-bc2acee1/event_manager_backend/src/app.js:17:21
    at Layer.handle [as handle_request] (/home/kavia/workspace/code-generation/eventsync-api-62759-bc2acee1/event_manager_backend/node_modules/express/lib/router/layer.js:95:5)
    at trim_prefix (/home/kavia/workspace/code-generation/eventsync-api-62759-bc2acee1/event_manager_backend/node_modules/express/lib/router/index.js:328:13)
    at /home/kavia/workspace/code-generation/eventsync-api-62759-bc2acee1/event_manager_backend/node_modules/express/lib/router/index.js:286:9
    at Function.process_params (/home/kavia/workspace/code-generation/eventsync-api-62759-bc2acee1/event_manager_backend/node_modules/express/lib/router/index.js:346:12)
    at next (/home/kavia/workspace/code-generation/eventsync-api-62759-bc2acee1/event_manager_backend/node_modules/express/lib/router/index.js:280:10)
    at SendStream.error (/home/kavia/workspace/code-generation/eventsync-api-62759-bc2acee1/event_manager_backend/node_modules/serve-static/index.js:121:7)
    at SendStream.emit (node:events:517:28)
    at SendStream.error (/home/kavia/workspace/code-generation/eventsync-api-62759-bc2acee1/event_manager_backend/node_modules/send/index.js:270:17)
    at SendStream.redirect (/home/kavia/workspace/code-generation/eventsync-api-62759-bc2acee1/event_manager_backend/node_modules/serve-static/index.js:185:12)
ReferenceError: forwarded is not defined
    at /home/kavia/workspace/code-generation/eventsync-api-62759-bc2acee1/event_manager_backend/src/app.js:17:21
    at Layer.handle [as handle_request] (/home/kavia/workspace/code-generation/eventsync-api-62759-bc2acee1/event_manager_backend/node_modules/express/lib/router/layer.js:95:5)
    at trim_prefix (/home/kavia/workspace/code-generation/eventsync-api-62759-bc2acee1/event_manager_backend/node_modules/express/lib/router/index.js:328:13)
    at /home/kavia/workspace/code-generation/eventsync-api-62759-bc2acee1/event_manager_backend/node_modules/express/lib/router/index.js:286:9
    at Function.process_params (/home/kavia/workspace/code-generation/eventsync-api-62759-bc2acee1/event_manager_backend/node_modules/express/lib/router/index.js:346:12)
    at next (/home/kavia/workspace/code-generation/eventsync-api-62759-bc2acee1/event_manager_backend/node_modules/express/lib/router/index.js:280:10)
    at SendStream.error (/home/kavia/workspace/code-generation/eventsync-api-62759-bc2acee1/event_manager_backend/node_modules/serve-static/index.js:121:7)
    at SendStream.emit (node:events:517:28)
    at SendStream.error (/home/kavia/workspace/code-generation/eventsync-api-62759-bc2acee1/event_manager_backend/node_modules/send/index.js:270:17)
    at SendStream.redirect (/home/kavia/workspace/code-generation/eventsync-api-62759-bc2acee1/event_manager_backend/node_modules/serve-static/index.js:185:12)
ReferenceError: forwarded is not defined
    at /home/kavia/workspace/code-generation/eventsync-api-62759-bc2acee1/event_manager_backend/src/app.js:17:21
    at Layer.handle [as handle_request] (/home/kavia/workspace/code-generation/eventsync-api-62759-bc2acee1/event_manager_backend/node_modules/express/lib/router/layer.js:95:5)
    at trim_prefix (/home/kavia/workspace/code-generation/eventsync-api-62759-bc2acee1/event_manager_backend/node_modules/express/lib/router/index.js:328:13)
    at /home/kavia/workspace/code-generation/eventsync-api-62759-bc2acee1/event_manager_backend/node_modules/express/lib/router/index.js:286:9
    at Function.process_params (/home/kavia/workspace/code-generation/eventsync-api-62759-bc2acee1/event_manager_backend/node_modules/express/lib/router/index.js:346:12)
    at next (/home/kavia/workspace/code-generation/eventsync-api-62759-bc2acee1/event_manager_backend/node_modules/express/lib/router/index.js:280:10)
    at SendStream.error (/home/kavia/workspace/code-generation/eventsync-api-62759-bc2acee1/event_manager_backend/node_modules/serve-static/index.js:121:7)
    at SendStream.emit (node:events:517:28)
    at SendStream.error (/home/kavia/workspace/code-generation/eventsync-api-62759-bc2acee1/event_manager_backend/node_modules/send/index.js:270:17)
    at SendStream.redirect (/home/kavia/workspace/code-generation/eventsync-api-62759-bc2acee1/event_manager_backend/node_modules/serve-static/index.js:185:12)
ReferenceError: forwarded is not defined
    at /home/kavia/workspace/code-generation/eventsync-api-62759-bc2acee1/event_manager_backend/src/app.js:17:21
    at Layer.handle [as handle_request] (/home/kavia/workspace/code-generation/eventsync-api-62759-bc2acee1/event_manager_backend/node_modules/express/lib/router/layer.js:95:5)
    at trim_prefix (/home/kavia/workspace/code-generation/eventsync-api-62759-bc2acee1/event_manager_backend/node_modules/express/lib/router/index.js:328:13)
    at /home/kavia/workspace/code-generation/eventsync-api-62759-bc2acee1/event_manager_backend/node_modules/express/lib/router/index.js:286:9
    at Function.process_params (/home/kavia/workspace/code-generation/eventsync-api-62759-bc2acee1/event_manager_backend/node_modules/express/lib/router/index.js:346:12)
    at next (/home/kavia/workspace/code-generation/eventsync-api-62759-bc2acee1/event_manager_backend/node_modules/express/lib/router/index.js:280:10)
    at SendStream.error (/home/kavia/workspace/code-generation/eventsync-api-62759-bc2acee1/event_manager_backend/node_modules/serve-static/index.js:121:7)
    at SendStream.emit (node:events:517:28)
    at SendStream.error (/home/kavia/workspace/code-generation/eventsync-api-62759-bc2acee1/event_manager_backend/node_modules/send/index.js:270:17)
    at SendStream.redirect (/home/kavia/workspace/code-generation/eventsync-api-62759-bc2acee1/event_manager_backend/node_modules/serve-static/index.js:185:12)
ReferenceError: forwarded is not defined
    at /home/kavia/workspace/code-generation/eventsync-api-62759-bc2acee1/event_manager_backend/src/app.js:17:21
    at Layer.handle [as handle_request] (/home/kavia/workspace/code-generation/eventsync-api-62759-bc2acee1/event_manager_backend/node_modules/express/lib/router/layer.js:95:5)
    at trim_prefix (/home/kavia/workspace/code-generation/eventsync-api-62759-bc2acee1/event_manager_backend/node_modules/express/lib/router/index.js:328:13)
    at /home/kavia/workspace/code-generation/eventsync-api-62759-bc2acee1/event_manager_backend/node_modules/express/lib/router/index.js:286:9
    at Function.process_params (/home/kavia/workspace/code-generation/eventsync-api-62759-bc2acee1/event_manager_backend/node_modules/express/lib/router/index.js:346:12)
    at next (/home/kavia/workspace/code-generation/eventsync-api-62759-bc2acee1/event_manager_backend/node_modules/express/lib/router/index.js:280:10)
    at SendStream.error (/home/kavia/workspace/code-generation/eventsync-api-62759-bc2acee1/event_manager_backend/node_modules/serve-static/index.js:121:7)
    at SendStream.emit (node:events:517:28)
    at SendStream.error (/home/kavia/workspace/code-generation/eventsync-api-62759-bc2acee1/event_manager_backend/node_modules/send/index.js:270:17)
    at SendStream.redirect (/home/kavia/workspace/code-generation/eventsync-api-62759-bc2acee1/event_manager_backend/node_modules/serve-static/index.js:185:12)
ReferenceError: forwarded is not defined
    at /home/kavia/workspace/code-generation/eventsync-api-62759-bc2acee1/event_manager_backend/src/app.js:17:21
    at Layer.handle [as handle_request] (/home/kavia/workspace/code-generation/eventsync-api-62759-bc2acee1/event_manager_backend/node_modules/express/lib/router/layer.js:95:5)
    at trim_prefix (/home/kavia/workspace/code-generation/eventsync-api-62759-bc2acee1/event_manager_backend/node_modules/express/lib/router/index.js:328:13)
    at /home/kavia/workspace/code-generation/eventsync-api-62759-bc2acee1/event_manager_backend/node_modules/express/lib/router/index.js:286:9
    at Function.process_params (/home/kavia/workspace/code-generation/eventsync-api-62759-bc2acee1/event_manager_backend/node_modules/express/lib/router/index.js:346:12)
    at next (/home/kavia/workspace/code-generation/eventsync-api-62759-bc2acee1/event_manager_backend/node_modules/express/lib/router/index.js:280:10)
    at SendStream.error (/home/kavia/workspace/code-generation/eventsync-api-62759-bc2acee1/event_manager_backend/node_modules/serve-static/index.js:121:7)
    at SendStream.emit (node:events:517:28)
    at SendStream.error (/home/kavia/workspace/code-generation/eventsync-api-62759-bc2acee1/event_manager_backend/node_modules/send/index.js:270:17)
    at SendStream.redirect (/home/kavia/workspace/code-generation/eventsync-api-62759-bc2acee1/event_manager_backend/node_modules/serve-static/index.js:185:12)
[32m[nodemon] restarting due to changes...[39m
[32m[nodemon] starting `node src/server.js`[39m
Server running at http://0.0.0.0:3001
undefined
undefined
undefined
undefined
undefined
undefined
[32m[nodemon] restarting due to changes...[39m
[32m[nodemon] starting `node src/server.js`[39m
Server running at http://0.0.0.0:3001
[
  'Connection',
  'upgrade',
  'Host',
  'vscode-internal-847-dev.dev01.cloud.kavia.ai',
  'X-Real-IP',
  '10.1.6.141',
  'X-Forwarded-For',
  '181.26.17.105',
  'X-Forwarded-Proto',
  'https',
  'X-Forwarded-Port',
  '3001',
  'X-Amzn-Trace-Id',
  'Root=1-6862f133-1366091a22cc824b1705aaa6',
  'cache-control',
  'max-age=0',
  'sec-ch-ua-platform',
  '"Linux"',
  'user-agent',
  'Mozilla/5.0 (X11; Linux x86_64) AppleWebKit/537.36 (KHTML, like Gecko) Chrome/137.0.0.0 Safari/537.36',
  'sec-ch-ua',
  '"Brave";v="137", "Chromium";v="137", "Not/A)Brand";v="24"',
  'sec-ch-ua-mobile',
  '?0',
  'accept',
  '*/*',
  'sec-gpc',
  '1',
  'accept-language',
  'en-US,en;q=0.7',
  'origin',
  'https://dev.cloud.kavia.ai',
  'sec-fetch-site',
  'same-site',
  'sec-fetch-mode',
  'cors',
  'sec-fetch-dest',
  'empty',
  'referer',
  'https://dev.cloud.kavia.ai/',
  'accept-encoding',
  'gzip, deflate, br, zstd',
  'priority',
  'u=1, i'
]
[
  'Connection',
  'upgrade',
  'Host',
  'vscode-internal-847-dev.dev01.cloud.kavia.ai',
  'X-Real-IP',
  '10.1.6.141',
  'X-Forwarded-For',
  '181.26.17.105',
  'X-Forwarded-Proto',
  'https',
  'X-Forwarded-Port',
  '3001',
  'X-Amzn-Trace-Id',
  'Root=1-6862f133-379a13115007b62a762082e0',
  'cache-control',
  'max-age=0',
  'sec-ch-ua-platform',
  '"Linux"',
  'user-agent',
  'Mozilla/5.0 (X11; Linux x86_64) AppleWebKit/537.36 (KHTML, like Gecko) Chrome/137.0.0.0 Safari/537.36',
  'sec-ch-ua',
  '"Brave";v="137", "Chromium";v="137", "Not/A)Brand";v="24"',
  'sec-ch-ua-mobile',
  '?0',
  'accept',
  '*/*',
  'sec-gpc',
  '1',
  'accept-language',
  'en-US,en;q=0.7',
  'origin',
  'https://dev.cloud.kavia.ai',
  'sec-fetch-site',
  'same-site',
  'sec-fetch-mode',
  'cors',
  'sec-fetch-dest',
  'empty',
  'referer',
  'https://dev.cloud.kavia.ai/',
  'accept-encoding',
  'gzip, deflate, br, zstd',
  'priority',
  'u=1, i'
]
[
  'Connection',
  'upgrade',
  'Host',
  'vscode-internal-847-dev.dev01.cloud.kavia.ai',
  'X-Real-IP',
  '10.1.6.141',
  'X-Forwarded-For',
  '181.26.17.105',
  'X-Forwarded-Proto',
  'https',
  'X-Forwarded-Port',
  '3001',
  'X-Amzn-Trace-Id',
  'Root=1-6862f133-20864c374aefe19c19d154f7',
  'cache-control',
  'max-age=0',
  'sec-ch-ua-platform',
  '"Linux"',
  'user-agent',
  'Mozilla/5.0 (X11; Linux x86_64) AppleWebKit/537.36 (KHTML, like Gecko) Chrome/137.0.0.0 Safari/537.36',
  'sec-ch-ua',
  '"Brave";v="137", "Chromium";v="137", "Not/A)Brand";v="24"',
  'sec-ch-ua-mobile',
  '?0',
  'accept',
  '*/*',
  'sec-gpc',
  '1',
  'accept-language',
  'en-US,en;q=0.7',
  'origin',
  'https://dev.cloud.kavia.ai',
  'sec-fetch-site',
  'same-site',
  'sec-fetch-mode',
  'cors',
  'sec-fetch-dest',
  'empty',
  'referer',
  'https://dev.cloud.kavia.ai/',
  'accept-encoding',
  'gzip, deflate, br, zstd',
  'priority',
  'u=1, i'
]
[
  'Connection',
  'upgrade',
  'Host',
  'vscode-internal-847-dev.dev01.cloud.kavia.ai',
  'X-Real-IP',
  '10.1.6.141',
  'X-Forwarded-For',
  '181.26.17.105',
  'X-Forwarded-Proto',
  'https',
  'X-Forwarded-Port',
  '3001',
  'X-Amzn-Trace-Id',
  'Root=1-6862f133-3eb854243320667f256953f3',
  'cache-control',
  'max-age=0',
  'sec-ch-ua-platform',
  '"Linux"',
  'user-agent',
  'Mozilla/5.0 (X11; Linux x86_64) AppleWebKit/537.36 (KHTML, like Gecko) Chrome/137.0.0.0 Safari/537.36',
  'sec-ch-ua',
  '"Brave";v="137", "Chromium";v="137", "Not/A)Brand";v="24"',
  'sec-ch-ua-mobile',
  '?0',
  'accept',
  '*/*',
  'sec-gpc',
  '1',
  'accept-language',
  'en-US,en;q=0.7',
  'origin',
  'https://dev.cloud.kavia.ai',
  'sec-fetch-site',
  'same-site',
  'sec-fetch-mode',
  'cors',
  'sec-fetch-dest',
  'empty',
  'referer',
  'https://dev.cloud.kavia.ai/',
  'accept-encoding',
  'gzip, deflate, br, zstd',
  'priority',
  'u=1, i'
]
[
  'Connection',
  'upgrade',
  'Host',
  'vscode-internal-847-dev.dev01.cloud.kavia.ai',
  'X-Real-IP',
  '10.1.6.141',
  'X-Forwarded-For',
  '181.26.17.105',
  'X-Forwarded-Proto',
  'https',
  'X-Forwarded-Port',
  '3001',
  'X-Amzn-Trace-Id',
  'Root=1-6862f133-4cc108520ccef1fb7cbafa57',
  'cache-control',
  'max-age=0',
  'sec-ch-ua-platform',
  '"Linux"',
  'user-agent',
  'Mozilla/5.0 (X11; Linux x86_64) AppleWebKit/537.36 (KHTML, like Gecko) Chrome/137.0.0.0 Safari/537.36',
  'sec-ch-ua',
  '"Brave";v="137", "Chromium";v="137", "Not/A)Brand";v="24"',
  'sec-ch-ua-mobile',
  '?0',
  'accept',
  '*/*',
  'sec-gpc',
  '1',
  'accept-language',
  'en-US,en;q=0.7',
  'origin',
  'https://dev.cloud.kavia.ai',
  'sec-fetch-site',
  'same-site',
  'sec-fetch-mode',
  'cors',
  'sec-fetch-dest',
  'empty',
  'referer',
  'https://dev.cloud.kavia.ai/',
  'accept-encoding',
  'gzip, deflate, br, zstd',
  'priority',
  'u=1, i'
]
[
  'Connection',
  'upgrade',
  'Host',
  'vscode-internal-847-dev.dev01.cloud.kavia.ai',
  'X-Real-IP',
  '10.1.6.141',
  'X-Forwarded-For',
  '181.26.17.105',
  'X-Forwarded-Proto',
  'https',
  'X-Forwarded-Port',
  '3001',
  'X-Amzn-Trace-Id',
  'Root=1-6862f133-541c17f433f163c12db9ce2c',
  'cache-control',
  'max-age=0',
  'sec-ch-ua-platform',
  '"Linux"',
  'user-agent',
  'Mozilla/5.0 (X11; Linux x86_64) AppleWebKit/537.36 (KHTML, like Gecko) Chrome/137.0.0.0 Safari/537.36',
  'sec-ch-ua',
  '"Brave";v="137", "Chromium";v="137", "Not/A)Brand";v="24"',
  'sec-ch-ua-mobile',
  '?0',
  'accept',
  '*/*',
  'sec-gpc',
  '1',
  'accept-language',
  'en-US,en;q=0.7',
  'origin',
  'https://dev.cloud.kavia.ai',
  'sec-fetch-site',
  'same-site',
  'sec-fetch-mode',
  'cors',
  'sec-fetch-dest',
  'empty',
  'referer',
  'https://dev.cloud.kavia.ai/',
  'accept-encoding',
  'gzip, deflate, br, zstd',
  'priority',
  'u=1, i'
]
[32m[nodemon] restarting due to changes...[39m
[32m[nodemon] starting `node src/server.js`[39m
Server running at http://0.0.0.0:3001
true
true
true
true
true
true
[32m[nodemon] restarting due to changes...[39m
[32m[nodemon] starting `node src/server.js`[39m
Server running at http://0.0.0.0:3001
